clades,branching_times,stem_ages,species_numbers,,conditioned on number of species,,,,conditioned on mrca,,
1,94.4460976342,26.97251953,4,,likelihood,lambda,mu,,likelihood,lambda,mu
2,89.7876395802,26.97251953,9,,-1676.213276537,0.463414,0.4026613221,,-1681.6956157824,0.4721054261,0.4083881583
3,85.3511084832,27.557052966,7,,-1675.8066906899,0.4580588621,0.3946393808,,-1681.8206194767,0.4813819153,0.4173804763
4,78.5548267012,37.153130622,1,,-1675.7654201865,0.4551921985,0.390949376,,-1684.2399351444,0.4801126994,0.4092804063
5,75.6593567952,45.737991062,9,,-1677.6816175789,0.4587790303,0.4011964055,,-1681.79430747,0.4805664232,0.4166953594
6,71.6412217472,26.011547923,7,,-1676.2579860396,0.4852041904,0.419592979,,-1682.2720165703,0.4921351564,0.4270664135
7,70.3461420952,29.869934672,25,,-1676.3602231223,0.4869005707,0.4210878556,,-1683.2741464932,0.5084778889,0.4538823967
8,67.9615008712,32.265166383,240,,-1676.9608914861,0.4866661044,0.4297064358,,-1682.3184942964,0.516982948,0.4593567246
9,65.7540967662,43.986191603,16,,-1675.7783343393,0.4725728467,0.4090043897,,-1682.7769321322,0.5196612153,0.4640741945
10,61.7957692582,43.989396594,4,,-1675.7815152729,0.4717064505,0.4086476615,,-1682.5342038041,0.5182935379,0.4617708454
11,61.7347401602,32.219213544,2,,-1675.8712270479,0.4840892362,0.4222356691,,-1682.9141137319,0.5280646468,0.4653949568
12,60.7102827772,37.079899804,9,,-1676.1233261236,0.5028625632,0.4430260844,,-1682.4488277916,0.5264048911,0.469184829
13,57.9912635022,37.453039978,8,,-1676.3272302349,0.508404167,0.4457548234,,-1683.1001815298,0.5426631601,0.481544355
14,57.0271583212,24.636087503,6,,-1677.6135606223,0.4959530883,0.4278122625,,-1682.6196133138,0.5230726281,0.4608109572
15,56.3088672682,28.840208621,1,,-1675.875169086,0.4860167067,0.4235230962,,-1682.526495239,0.5283789549,0.4675513014
16,56.1629914512,37.141877149,1,,-1675.8360602474,0.4806632546,0.4183492323,,-1682.5257921814,0.5208019247,0.4642291358
17,55.7173061332,37.141877149,17,,-1675.8872397116,0.487330973,0.4252579626,,-1682.3304919819,0.5260764756,0.4669111887
18,52.5132047822,35.883547189,5,,-1676.4900207459,0.5075792966,0.4499890539,,-1682.3976080226,0.5244322479,0.4669628748
19,52.2641453692,35.758079665,31,,-1676.6499020216,0.5265384222,0.4653335033,,-1682.5029434468,0.5343164767,0.4756037772
20,52.1409811872,25.787370826,7,,-1678.0426761652,0.5220028496,0.4558326022,,-1684.2026640382,0.5180867367,0.4657810687
21,51.7660821702,39.930589158,3,,-1676.1335505182,0.504261609,0.4444074245,,-1683.378815932,0.5304997071,0.4768812405
22,50.8058102282,24.364736278,90,,-1676.2623285419,0.5122812027,0.4530549296,,-1682.8607086313,0.5395713393,0.4790022339
23,50.2193359862,57.027158307,3,,-1676.5079703026,0.5155654353,0.4580254257,,-1682.9863724919,0.5285352319,0.4737485453
24,49.7067723022,33.358242012,6,,-1677.3772283737,0.5192565364,0.4542823699,,-1682.4554407456,0.5322428273,0.4735534774
25,49.6358094262,33.358242012,20,,-1676.6259750752,0.513867166,0.4568947374,,-1682.5356874024,0.5272689295,0.4705826195
26,49.4140652952,41.290364004,17,,-1676.1743061754,0.5093119912,0.4488785018,,-1682.5512160619,0.5264775666,0.4651288692
27,49.2625630172,57.991263488,1,,-1677.6692129723,0.5115506958,0.4574317069,,-1682.6780141054,0.5369098802,0.4769061524
28,49.1411375922,37.253845606,2,,-1676.845248013,0.5201030372,0.4640141936,,-1682.6251729507,0.5356589243,0.4789902634
29,48.7578922052,33.124310185,7,,-1678.1892689842,0.5029282713,0.44938023,,-1682.0963884453,0.5027482984,0.4439784163
30,48.5832814482,30.128630412,9,,-1676.2742741742,0.5025542615,0.4392346796,,-1682.4053855931,0.5174508686,0.4553155693
31,48.5318295322,30.128630412,13,,-1675.9458432505,0.4855373466,0.421759781,,-1682.302521647,0.5059626711,0.4425631439
32,48.4545084452,33.295798195,19,,-1675.7517252495,0.4632142433,0.3993178314,,-1682.1661594911,0.5105674313,0.448717051
33,48.0753309742,29.93345904,6,,-1677.9385449828,0.4607749712,0.4038185674,,-1682.3477870146,0.5022145562,0.4446907145
34,47.7129786232,35.040621774,14,,-1675.7993843256,0.4764047167,0.4131950003,,-1683.0765093217,0.4946193052,0.4274669309
35,47.2147513922,49.706772288,1,,-1675.7862523919,0.4739743271,0.4104668597,,-1683.4819930794,0.4897632237,0.4212335371
36,46.9306716852,25.818257849,5,,-1675.9704430421,0.489272481,0.4285235258,,-1682.08770033,0.4828587332,0.4234877795
37,46.8606692942,25.818257849,1,,-1675.957571199,0.4920129837,0.4294231803,,-1682.3310245555,0.4783085606,0.4195649859
38,46.7287893312,39.195647619,1,,-1676.1939891455,0.4876404674,0.422611139,,-1681.8333261767,0.4669189171,0.4011504641
39,46.5383978072,40.418171173,1,,-1676.1788250379,0.4722755526,0.4120482273,,-1683.9937416636,0.4803758662,0.4099863164
40,46.5296953932,26.376612333,10,,-1677.3947983791,0.4727194183,0.4157541507,,-1681.7505183632,0.4776469453,0.4158421019
41,45.8220036872,42.526418644,10,,-1675.860209215,0.4767612235,0.4124275724,,-1681.7311586143,0.4705912976,0.4060629075
42,45.7577862912,35.391776109,15,,-1676.8247832553,0.4729506374,0.4042614743,,-1681.7975498501,0.4666374938,0.4010880504
43,45.7379910762,26.823081742,2,,-1676.1457004791,0.4599534674,0.3921568938,,-1681.695671911,0.4628970876,0.3996159702
44,45.3938959802,24.682252194,2,,-1675.9249262552,0.4603958778,0.398070528,,-1682.7627858872,0.4527840255,0.3930706641
45,44.8547747272,24.682252194,2,,-1675.8606273146,0.45648162,0.3933775423,,-1682.4857302103,0.4396390766,0.3777396888
46,44.6491994002,26.89989188,75,,-1676.8790093104,0.4544226093,0.3947957596,,-1681.753262471,0.4423105922,0.3767219627
47,44.2807851562,29.012055166,15,,-1676.8347862001,0.4439417232,0.3831512336,,-1681.8079536371,0.4448495059,0.3805682412
48,43.9893966082,24.333932258,2,,-1675.8757694852,0.4636719121,0.4012902473,,-1682.3902939893,0.4481291256,0.3784853706
49,43.9861916172,33.148621258,8,,-1675.9493758421,0.4746115254,0.413395632,,-1681.719910495,0.4481456087,0.3822335481
50,43.9123060982,26.597168167,19,,-1675.8146140424,0.4691638033,0.4065937266,,-1682.1341929099,0.4453725989,0.3764385263
51,43.5968541552,26.597168167,40,,-1676.1037462341,0.4788824011,0.4132085757,,-1681.7231582497,0.459443124,0.3939160272
52,43.3508617592,26.669042752,4,,-1676.624688487,0.4799756253,0.4125353599,,-1682.6292201048,0.4497131397,0.3794977932
53,43.0988328572,26.669042752,20,,-1676.2319758455,0.5001666315,0.4367110868,,-1684.1011588821,0.4573858872,0.400711357
54,42.7048471402,25.310920959,6,,-1677.1065868893,0.5075515572,0.4418682302,,-1682.1330099327,0.4715865014,0.4116785013
55,42.6753227912,39.033153587,40,,-1676.7939560029,0.5044030143,0.4478309852,,-1681.8208600682,0.4646259196,0.4026716442
56,42.5264186582,49.262563003,1,,-1676.5290061153,0.4866483948,0.4202213795,,-1682.9552696864,0.4488415095,0.3891756675
57,42.3923669122,34.041984272,2,,-1676.1771846276,0.4838372265,0.4242478842,,-1682.1897072615,0.4458759807,0.3837401018
58,42.2324204472,34.041984272,2,,-1677.2026433176,0.4849101488,0.4283994909,,-1682.8876780538,0.4381716875,0.3664393825
59,41.7480809562,41.235352009,2,,-1676.0883291445,0.4645193462,0.3973898319,,-1682.3514529762,0.4391168696,0.3767304983
60,41.6756402502,75.659356781,7,,-1676.0789606025,0.4435742949,0.3747873328,,-1682.4521584694,0.4220592536,0.3575987884
61,41.6410917442,33.614343321,9,,-1675.9768534999,0.4251661733,0.3568785047,,-1682.8021374709,0.4163946423,0.3436334672
62,41.2903640182,38.787301325,1,,-1676.8648573611,0.4348440699,0.3628421368,,-1682.3136955039,0.4118419982,0.3447166799
63,41.2353520232,27.170810735,4,,-1676.8667810284,0.4308792256,0.3686484489,,-1683.6056291409,0.4104341462,0.3473028494
64,41.0763910032,38.901881093,1,,-1676.2580106001,0.4110480661,0.3430035506,,-1682.2343140851,0.4113386862,0.3414070668
65,40.9650852222,38.901881093,1,,-1676.2229956061,0.4117105418,0.3417177499,,-1683.9274672578,0.4062344485,0.3431211716
66,40.6850801292,40.188967211,4,,-1676.2523210797,0.4131985408,0.3457329983,,-1682.6399170159,0.4190045117,0.3547069691
67,40.4181711872,31.212922946,4,,-1676.1288757924,0.4153194462,0.3469054871,,-1681.8065466551,0.4360538677,0.369346695
68,40.1889672252,31.212922946,1,,-1676.0649163861,0.4246021328,0.3552386309,,-1682.327806129,0.4295680102,0.3658020583
69,40.0189687392,36.981012024,2,,-1675.8848225314,0.4330048814,0.3665533196,,-1681.8028493306,0.4380251546,0.3723494347
70,39.9513599092,27.497431771,1,,-1676.6452310336,0.4231778243,0.3510799476,,-1681.8444250017,0.4447754426,0.3773349344
71,39.9305891722,33.238896648,1,,-1676.2034603041,0.4590840131,0.3909826334,,-1682.4535340604,0.4480862852,0.3782453867
72,39.7469349642,33.238896648,3,,-1675.9271584827,0.4619331656,0.3997489287,,-1683.0449198732,0.4280451813,0.3661501185
73,39.3860314302,30.646510464,3,,-1675.7578510725,0.4520160204,0.3863747536,,-1683.323991061,0.4279575008,0.3666706684
74,39.1956476332,30.646510464,10,,-1677.2660195612,0.4430136698,0.3706873428,,-1681.9377801362,0.4311583414,0.3655641227
75,39.1036319382,31.969093797,6,,-1676.2781896041,0.4264956737,0.3617622851,,-1681.9195781448,0.4390481408,0.3708617044
76,39.0982688622,31.969093797,7,,-1676.3952442456,0.4505696039,0.3810825518,,-1681.8294272473,0.433895563,0.3672856966
77,39.0939607492,27.586834756,1,,-1676.2966745323,0.4250941195,0.3602212212,,-1682.7832515929,0.4422803575,0.3711034616
78,39.0331536012,44.280785142,6,,-1676.4230780269,0.4050632724,0.3367317497,,-1682.0945405475,0.4253778452,0.3598037898
79,39.0222079692,37.759467203,2,,-1677.0899241623,0.3917703064,0.3237100939,,-1683.4455889912,0.4032366782,0.3385937951
80,38.9018811072,32.167300916,2,,-1678.2749921895,0.3992546462,0.335557961,,-1682.5732196928,0.4008161831,0.3289978888
81,38.7873013392,32.167300916,5,,-1676.2622702955,0.4086732378,0.3388668825,,-1682.5234629979,0.3984634693,0.3284111151
82,38.5067879202,44.649199386,16,,-1676.0799482745,0.4256094173,0.3596328458,,-1682.7458665074,0.4015422633,0.334360246
83,38.1473766302,24.153703393,120,,-1676.1752214109,0.4277475442,0.3577082447,,-1682.5965631491,0.3958617702,0.3253646245
84,38.1431683802,24.153703393,86,,-1676.2486222567,0.4125973604,0.3421949895,,-1683.2895399905,0.4301564789,0.3569424186
85,37.8660752612,36.575305299,26,,-1675.9139804505,0.4292809539,0.3618691757,,-1683.6724596537,0.4117915465,0.3490024974
86,37.8296050322,33.062130888,4,,-1675.8752801959,0.4401285212,0.3724822939,,-1682.9233530174,0.4012000952,0.3346597911
87,37.7732670222,28.193501704,6,,-1675.886799556,0.4424592022,0.374779312,,-1682.8221726268,0.41076478,0.3377382258
88,37.7667107702,49.141137578,4,,-1677.4217080682,0.4422013968,0.382507424,,-1684.1014975072,0.3978260773,0.3337180123
89,37.7594672172,26.468467214,15,,-1676.0708020328,0.4183648963,0.3499396994,,-1683.3450772458,0.4226756291,0.3488542336
90,37.4530399922,28.54161519,11,,-1676.4968585046,0.4073726513,0.3401316012,,-1681.7770132012,0.4390725756,0.3729991767
91,37.4247233022,25.303140931,6,,-1677.0418296901,0.3946989845,0.3204400463,,-1682.4043354134,0.4625156455,0.3939943065
92,37.4122180482,25.303140931,11,,-1677.02831353,0.3825742436,0.3094673899,,-1681.8580851566,0.4577553472,0.391030655
93,37.2538456202,30.411656268,1,,-1676.827732605,0.4045407027,0.3311546828,,-1681.7574123097,0.4420194041,0.3764667329
94,37.1531306362,27.551344759,3,,-1676.602513799,0.4181503729,0.3459658409,,-1682.1061091866,0.4288140487,0.3639374785
95,37.1418771632,27.551344759,9,,-1676.7866834947,0.4351191604,0.3633413715,,-1681.9375454568,0.4306228659,0.3622254194
96,37.1028866832,42.392366898,32,,-1676.2385666144,0.4361353645,0.3661944448,,-1682.2006390207,0.4316308756,0.3676594574
97,37.0798998182,45.757786277,14,,-1676.6474956337,0.4590739396,0.3992944959,,-1681.9730809832,0.424335601,0.3573118377
98,37.0168578372,26.814662868,3,,-1676.1504367716,0.4574574138,0.395948676,,-1682.0207298674,0.4222053431,0.353454098
99,36.9810120382,30.850544804,9,,-1676.6092640303,0.458913592,0.3894915658,,-1682.1738618026,0.4133254607,0.3452195546
100,36.9209495112,37.016857823,29,,-1675.7706822283,0.4662414952,0.4029261057,,-1684.2113550493,0.4179551188,0.3421221719
101,36.7246841102,27.935386733,42,,-1677.611716863,0.4401362052,0.3805840631,,-1683.6111506176,0.4069438091,0.3432862918
102,36.5753053132,27.935386733,34,,-1675.9012394057,0.4353237833,0.3696839397,,-1682.6444091728,0.3955737145,0.3259478959
103,35.9319832172,24.623595283,12,,-1676.1599421725,0.4311660494,0.3613281536,,-1682.5618642292,0.3970268533,0.3265325431
104,35.8835472032,37.412218034,113,,-1676.0231686456,0.4352711014,0.3663462359,,-1684.3543870427,0.3755384903,0.3077734614
105,35.7580796792,37.424723288,1,,-1676.047578573,0.4308095692,0.3615957713,,-1683.1295323318,0.3831852813,0.3128722236
106,35.7339085752,38.143168366,15,,-1676.7316325557,0.4236165821,0.3512752044,,-1682.9593168777,0.3861804542,0.3156390083
107,35.3917761232,32.966807554,7,,-1675.7743961107,0.4463477542,0.3803674688,,-1682.7468096391,0.4117477865,0.3390030525
108,35.3825678692,25.676243419,2,,-1675.9120011854,0.469278061,0.407525379,,-1682.9614843744,0.4131192548,0.3488478208
109,35.1317292572,28.923581732,24,,-1675.8685805714,0.4600437381,0.3937015552,,-1682.1543986447,0.4135799788,0.3451106252
110,35.0565720522,25.545499429,20,,-1675.9084498888,0.4448601703,0.3771259327,,-1682.3585656888,0.4091123237,0.3415901881
111,35.0406217882,27.224466795,31,,-1678.3329779274,0.4309675059,0.3557094299,,-1682.4833519513,0.4089446375,0.3372736975
112,34.6196811522,27.95507736,4,,-1676.0910105487,0.4218879837,0.3523776213,,-1686.4141176174,0.410977331,0.3522458462
113,34.0419842862,39.103631924,2,,-1676.3112203164,0.4296210809,0.359038359,,-1683.0001022517,0.4322587126,0.3598483417
114,33.8797412532,32.614619249,2,,-1676.1028234878,0.4189629666,0.349530031,,-1682.6714107595,0.4265623891,0.3634949133
115,33.8201582752,32.614619249,29,,-1675.880349657,0.4348948608,0.3688886174,,-1682.2824056461,0.4340599867,0.3638793292
116,33.6143433352,37.773267008,11,,-1677.2324182344,0.4253949345,0.35186146,,-1682.3127156133,0.4273121415,0.356701138
117,33.4741040442,25.601322878,14,,-1677.0552701603,0.4238848408,0.3612138791,,-1684.0578362038,0.4249024921,0.3646174012
118,33.3582420262,28.483963323,4,,-1676.0192329283,0.4221356364,0.3545393479,,-1682.8422441696,0.4578201368,0.3877222689
119,33.3231018752,29.338724112,2,,-1676.0833389525,0.4262117851,0.3603765129,,-1681.6932743149,0.4625509004,0.397689016
120,33.2957982092,34.619681138,9,,-1676.8106972735,0.4096085518,0.3364039307,,-1682.4874142214,0.4674064117,0.399077197
121,33.2388966622,31.883483914,2,,-1676.4758710817,0.4106853364,0.3440463331,,-1682.6923728311,0.4685410322,0.4100872078
122,33.1987729072,30.33335643,1,,-1676.4378013421,0.4073792826,0.3358234825,,-1681.8155314564,0.4625478242,0.3964923122
123,33.1486212722,48.454508431,1,,-1676.2935786585,0.4117178207,0.3442005403,,-1682.0750934835,0.4309646475,0.3662814733
124,33.1243101992,46.529695379,41,,-1677.1129663898,0.3794699854,0.3068418004,,-1683.6896946522,0.4507557156,0.3927448398
125,33.0838521072,26.193457905,1,,-1676.2205233089,0.4104540099,0.3410230642,,-1681.9135733562,0.4686351194,0.4025650728
126,33.0621309022,39.093960735,1,,-1676.1208738666,0.4156606464,0.3472054274,,-1681.8677017594,0.4709879944,0.4098045215
127,32.9668075682,28.770670323,3,,-1676.2510933385,0.4198763141,0.3492668219,,-1683.191371365,0.4588359494,0.4006570226
128,32.6967816792,24.467996085,2,,-1676.2315900084,0.4098948596,0.3407202767,,-1681.7565650647,0.4618557769,0.3991787975
129,32.6146192632,35.382567855,11,,-1676.68148122,0.3931557395,0.3229242288,,-1681.6824472219,0.4701997046,0.4067054779
130,32.2722544492,28.550492788,16,,-1676.8987917466,0.387023986,0.3141136374,,-1684.3085147734,0.4491051129,0.3919537623
131,32.2651663972,28.550492788,6,,-1677.4099377728,0.3811302458,0.3117359894,,-1681.7655756037,0.4508721321,0.3843743633
132,32.2192135582,24.866382363,55,,-1680.1696838534,0.3852696658,0.3040695708,,-1681.967235314,0.4611154019,0.3940883004
133,32.1673009302,24.866382363,217,,-1679.0943712813,0.3683930767,0.2882299851,,-1681.9528791426,0.4585083698,0.3967368999
134,31.9690938112,27.557052966,8,,-1678.6069752327,0.3490182814,0.2716131253,,-1685.8899334712,0.4753113964,0.401649445
135,31.8834839282,25.850201909,7,,-1680.4391640646,0.3385653811,0.2553543611,,-1681.9986653227,0.4791558889,0.4137608753
136,31.8322664042,25.850201909,7,,-1678.593065351,0.3483429997,0.2721499635,,-1682.3280648636,0.4944316127,0.4365616017
137,31.2129229602,41.675640236,8,,-1680.5823511242,0.3554645825,0.2721746614,,-1681.8604820216,0.4803265507,0.419612384
138,31.0749039202,29.873376607,21,,-1677.9292226762,0.3668640438,0.2900635529,,-1681.6747542158,0.4653528785,0.4012824972
139,30.9277410342,29.873376607,46,,-1677.538571999,0.3759575228,0.3002324675,,-1681.8622359051,0.4646974068,0.4030059353
140,30.8505448182,33.47410403,60,,-1681.9151549956,0.3761341084,0.2920705358,,-1682.6495391535,0.477718558,0.4099162229
141,30.7200484412,26.011547923,2,,-1677.3962500805,0.3954270806,0.320011912,,-1682.0065883135,0.4673330716,0.4006847882
142,30.6465104782,26.417650914,5,,-1677.4646863595,0.4098515255,0.3348554648,,-1681.7253287216,0.4777481828,0.4155211493
143,30.4773604732,26.417650914,59,,-1676.5162476765,0.3996534361,0.3282087993,,-1684.0773100089,0.4874848754,0.4332124258
144,30.4757449052,29.869934672,145,,-1676.5896865849,0.3955865712,0.3251858646,,-1682.970616898,0.5013836609,0.4457386223
145,30.4116562822,32.219213544,22,,-1676.5212334332,0.4022091207,0.3303822302,,-1681.9475143775,0.5025228727,0.4414180233
146,30.3933390932,37.079899804,20,,-1677.5421852585,0.4243575731,0.3500798034,,-1682.0274208814,0.4984726922,0.4354808853
147,30.3718007622,24.636087503,89,,-1676.0056120028,0.4233102769,0.3559246382,,-1681.9153256413,0.4999780566,0.4393326625
148,30.3548323782,50.805810214,76,,-1676.4536739959,0.4040864648,0.3357161574,,-1682.7302144856,0.525383374,0.469665299
149,30.3333564442,41.64109173,156,,-1676.4085684852,0.4137211414,0.3473580923,,-1682.7019841196,0.527542249,0.4716904556
150,30.1286304262,32.272254435,307,,-1676.2425883167,0.4439847889,0.3814418411,,-1683.0643568914,0.5394759603,0.4779796095
151,30.0006196432,32.272254435,85,,-1675.9687980942,0.4543911477,0.3917604312,,-1682.7988834011,0.5312521993,0.4757658489
152,29.9334590542,25.787370826,94,,-1676.6204690033,0.4690036541,0.4004782322,,-1683.1693735577,0.5415290468,0.4799608343
153,29.8733766212,24.364736278,44,,-1675.99736414,0.4737639364,0.4080466242,,-1682.5037187477,0.5345034414,0.4759800074
154,29.8699346862,56.308867254,6,,-1676.227501605,0.4699733469,0.4097754704,,-1682.3160628935,0.5226267724,0.4645751
155,29.6898377532,37.253845606,3,,-1676.9577014035,0.4827358464,0.4146922294,,-1682.2311615139,0.5187374275,0.4602188108
156,29.3387241262,29.93345904,25,,-1676.9608914456,0.4685510131,0.4103377035,,-1682.2783913241,0.5149895523,0.4571688089
157,29.2474639732,30.000619629,4,,-1676.4031997256,0.4697701401,0.4019724114,,-1682.9320389063,0.5116699202,0.4467987044
158,29.0687293232,29.068729309,43,,-1676.0504202599,0.4610450118,0.3937614969,,-1681.9821730335,0.4996562744,0.4372389666
159,29.0176498712,24.452078286,6,,-1676.8292801818,0.4624688211,0.4034458266,,-1681.7810687437,0.4808357634,0.4194450644
160,29.0120551802,24.452078286,58,,-1677.1116883913,0.4500796318,0.3905583626,,-1682.3652802338,0.4675915659,0.3996455305
161,28.9235817462,26.376612333,2,,-1678.2282975214,0.468816563,0.3969144852,,-1685.2678007826,0.4851094804,0.4131743269
162,28.8402086352,26.823081742,105,,-1675.8509917064,0.4359860804,0.3696872803,,-1681.9149756957,0.4790717001,0.4141139502
163,28.7706703372,26.89989188,34,,-1676.2128618112,0.4339160012,0.3699897565,,-1681.6845069802,0.4694099762,0.405567625
164,28.5504928022,24.458450048,6,,-1677.7686146411,0.4469538072,0.3739507742,,-1681.8098103799,0.4603442915,0.3941396472
165,28.5416152042,24.458450048,23,,-1675.8056927581,0.4461504336,0.3794521124,,-1681.763142733,0.453778251,0.3903131739
166,28.4839633372,24.333932258,13,,-1676.7364364531,0.4248493396,0.3614708538,,-1682.3855644821,0.4484937249,0.3788918864
167,28.1935017182,33.879741239,4,,-1676.49598495,0.3994396615,0.3297230784,,-1682.2511921161,0.4510317402,0.3820630845
168,28.0132534142,36.724684096,25,,-1677.0771630374,0.4001430925,0.3337801406,,-1683.1138369468,0.4725446713,0.4153803025
169,27.9550773742,25.310920959,26,,-1677.089839924,0.400188715,0.3338745993,,-1681.8699692724,0.4904893833,0.4300306332
170,27.9353867472,30.475744891,73,,-1677.1814648143,0.3898959264,0.3217606072,,-1682.1536632813,0.5150044772,0.4560033259
171,27.5868347702,29.017649857,23,,-1676.8560362524,0.3871632731,0.316039455,,-1682.4166781288,0.519410613,0.4623032404
172,27.5570529802,29.017649857,4,,-1676.9290141696,0.3847907537,0.3123576402,,-1682.243422671,0.5202236838,0.4616086204
173,27.5513447732,33.614343321,12,,-1676.7128236338,0.3958258172,0.3231615817,,-1682.1582819061,0.4987819048,0.4350645321
174,27.4974317852,27.170810735,78,,-1677.0615624117,0.4220820264,0.3591821621,,-1681.9605340582,0.5037408469,0.442904579
175,27.2244668092,36.920949497,8,,-1676.4185121116,0.4193989335,0.3541139137,,-1683.3191920295,0.4967644762,0.4416714819
176,27.1708107492,40.188967211,216,,-1676.3321951558,0.4301658642,0.3661988003,,-1682.2954613152,0.4965150241,0.4318880306
177,26.9725195442,36.981012024,50,,-1678.4802531323,0.4246323488,0.3647778822,,-1683.1205937671,0.4917025152,0.4358842449
178,26.8998918942,27.497431771,15,,-1675.8898217298,0.4477824182,0.380349866,,-1681.6918785537,0.4698455128,0.4069003102
179,26.8230817562,33.820158261,11,,-1676.4448527047,0.4398773801,0.3694305517,,-1682.5885175341,0.4770470678,0.4189751642
180,26.8146628822,27.586834756,6,,-1675.7822603886,0.4490577776,0.3827991873,,-1681.8418833187,0.4678925733,0.4021646044
181,26.6690427662,26.614302925,116,,-1675.7929081492,0.4452848288,0.3800493726,,-1682.0178020331,0.4782676028,0.4126820793
182,26.6143029392,33.062130888,131,,-1675.8741850418,0.4644414367,0.4021051908,,-1681.8319391915,0.4690620555,0.403515677
183,26.5971681812,25.343499406,21,,-1675.8929345314,0.4859461984,0.4243426146,,-1681.7180559885,0.4670332298,0.4043774752
184,26.5165147182,25.343499406,18,,-1676.1689618778,0.4865251915,0.4270077397,,-1683.497364322,0.4526018213,0.3944238712
185,26.4684672282,26.468467214,39,,-1677.9227381113,0.4901800396,0.420848559,,-1681.6754511308,0.4587645317,0.394515084
186,26.4176509282,30.354832364,6,,-1675.8401776013,0.439028496,0.3733387085,,-1681.7807476187,0.4423899259,0.3773810476
187,26.3766123472,26.516514704,27,,-1675.9756704595,0.4271483475,0.3605237987,,-1681.8800675205,0.4331417401,0.365277914
188,26.1934579192,26.516514704,93,,-1676.0854577087,0.4176559991,0.3493955071,,-1685.130302172,0.4321562602,0.3743774389
189,26.0115479372,28.0132534,61,,-1676.8890436461,0.409609926,0.3443508758,,-1681.7945702577,0.4699279395,0.4047366121
190,25.8502019232,28.54161519,4,,-1677.0126699095,0.4006109033,0.3341268978,,-1682.1775764462,0.4714221928,0.4116674055
191,25.8182578632,37.766710756,203,,-1678.2524845585,0.4095750781,0.3329521175,,-1682.2009635829,0.4742216817,0.4074620787
192,25.7873708402,26.814662868,30,,-1678.1283483462,0.4160441437,0.354512524,,-1681.694360817,0.4605484922,0.3955026923
193,25.6762434332,24.623595283,8,,-1676.3141628491,0.4195027122,0.3537639447,,-1682.3945884423,0.4481001757,0.3784408301
194,25.6013228922,35.931983203,67,,-1676.5753186403,0.4060539751,0.3337506361,,-1681.772264843,0.4395818119,0.373224793
195,25.5454994432,24.714156058,38,,-1676.2374249444,0.4364911973,0.3665755796,,-1682.1534970847,0.4315160746,0.3673164763
196,25.3434994202,24.714156058,142,,-1675.8599736312,0.4387954631,0.3733470814,,-1682.560609907,0.4321000687,0.3694651192
197,25.3109209732,31.074903906,36,,-1676.121731392,0.4317060799,0.3620851941,,-1681.9133872978,0.4362436074,0.3680340792
198,25.3031409452,31.074903906,4,,-1675.9938383489,0.4381314764,0.3695037027,,-1682.0838498635,0.4172660003,0.3492594388
199,24.8663823772,25.676243419,55,,-1675.8156806485,0.4398108049,0.373733954,,-1682.3038030822,0.4184723406,0.3527452428
200,24.7141560722,24.538790816,46,,-1676.358567049,0.4312114232,0.3605254318,,-1683.1991778145,0.4025729583,0.3371702539
201,24.6822522082,24.538790816,19,,-1676.812467796,0.4034760104,0.3368382763,,-1686.7989010914,0.4177349496,0.3603136204
202,24.6360875172,24.558565054,8,,-1676.4995944224,0.4060350788,0.3341441064,,-1681.7267468985,0.4453421126,0.3796872414
203,24.6235952972,24.558565054,195,,-1676.688434753,0.4030768053,0.3302575609,,-1682.3270889089,0.4398830548,0.3698783098
204,24.5585650682,27.224466795,26,,-1676.109290028,0.4166318445,0.3475392555,,-1682.3223339033,0.4385490205,0.3684779377
205,24.5387908302,27.95507736,24,,-1676.1272042049,0.4219306107,0.3555488208,,-1682.1689501677,0.4303512367,0.3604822289
206,24.4679960992,33.083852093,7,,-1676.4631095451,0.4240355602,0.3526039187,,-1682.3143008772,0.4162927507,0.350185257
207,24.4584500622,25.601322878,25,,-1676.858286746,0.4265511562,0.354020788,,-1682.4023514831,0.4231007912,0.3586198501
208,24.4520783002,31.883483914,38,,-1676.0470010414,0.4246910435,0.3554851987,,-1682.1836668386,0.4208329771,0.354907318
209,24.3647362922,30.33335643,20,,-1676.059416853,0.421265333,0.3540653214,,-1683.1755868415,0.4058662849,0.3409775801
210,24.3339322722,26.193457905,27,,-1678.7382649162,0.4458702878,0.3711615732,,-1682.4299246546,0.4085213632,0.341331734
211,24.1537034072,28.770670323,14,,-1675.7829484446,0.4472919539,0.3809959833,,-1681.8457055581,0.4324435122,0.3655698534
212,,24.467996085,7,,-1675.8543537343,0.4354523611,0.3690547242,,-1681.9162564128,0.4270727008,0.3596544977
,,,,,-1675.939167883,0.439136888,0.3709190706,,-1682.0185030716,0.4211458682,0.3526696705
,,,,,-1675.9017218142,0.4515966399,0.388278938,,-1681.8201806036,0.437686821,0.3704073209
,,,,,-1675.7779044254,0.4471892262,0.3810134441,,-1681.9011143178,0.428147135,0.3608677182
,,,,,-1675.8727136293,0.4523367511,0.3888984621,,-1681.8214460965,0.4395827613,0.3745275431
,,,,,-1677.4847341076,0.4474684198,0.3750505715,,-1681.7809717281,0.4430305456,0.3781507387
,,,,,-1676.7161588729,0.4222325226,0.3584237539,,-1681.747756141,0.4439781441,0.3776394502
,,,,,-1676.7540402936,0.4094353705,0.3364230423,,-1682.0160594497,0.4424162948,0.3738289618
,,,,,-1676.3813360912,0.4044535438,0.3337172003,,-1681.8207739084,0.4347252876,0.367889232
,,,,,-1676.2253310856,0.411159494,0.3412527637,,-1682.2041874701,0.4484439789,0.3794522564
,,,,,-1676.3823995704,0.4104352783,0.3391282655,,-1681.7636789099,0.4494677515,0.3854445892
,,,,,-1676.7877288048,0.3900806311,0.3196826463,,-1681.6832105498,0.4704766231,0.4070101392
,,,,,-1677.0893891782,0.3807446791,0.3075134224,,-1681.7423671397,0.4803374935,0.4183745056
,,,,,-1677.4384203199,0.3752232109,0.3001143061,,-1681.7030434479,0.4723100181,0.4084415601
,,,,,-1677.6774237514,0.3669785843,0.2918349248,,-1681.7101480451,0.4741239542,0.4116333557
,,,,,-1677.3482545356,0.3869370394,0.3115875685,,-1681.9338239297,0.480930556,0.4160843166
,,,,,-1677.5778251067,0.3754625012,0.3052069114,,-1681.9189724868,0.4940164397,0.433977874
,,,,,-1678.0814898354,0.3636055587,0.2864146299,,-1681.8568579566,0.489397872,0.4288190586
,,,,,-1676.9697054422,0.3835226772,0.3110628735,,-1682.2300011942,0.5160902922,0.4548741363
,,,,,-1677.1878906884,0.3921917101,0.3245924555,,-1684.7526410134,0.5439005961,0.4787487524
,,,,,-1676.8139799521,0.4023995655,0.3355521816,,-1682.4535477593,0.5314415854,0.4735084675
,,,,,-1677.8937789209,0.3806295544,0.3035499839,,-1683.0530372322,0.5301480816,0.4755900095
,,,,,-1677.8252243128,0.3755280858,0.3062385829,,-1682.9361467486,0.5175016032,0.4623689591
,,,,,-1678.4560203596,0.3632432264,0.2927975455,,-1683.7411238688,0.4981099803,0.4439280587
,,,,,-1678.1078418059,0.3704076639,0.3007466043,,-1681.7600716617,0.4768239462,0.4151167079
,,,,,-1677.4926773243,0.3744633094,0.3034544301,,-1682.9855856211,0.4909552689,0.4236372712
,,,,,-1677.5024638405,0.3698725142,0.2963341677,,-1681.781334543,0.469033053,0.4038510661
,,,,,-1677.4538219107,0.3861652873,0.3181499584,,-1681.7883117648,0.4589319349,0.3927689413
,,,,,-1678.1289327259,0.3576843886,0.2836337792,,-1681.9734929384,0.4867302617,0.4223797938
,,,,,-1678.4910846015,0.3508552896,0.27588313,,-1682.6011800659,0.4766469745,0.4185804971
,,,,,-1677.4554217564,0.3710326199,0.2977857907,,-1683.4942290363,0.4707269003,0.4141724631
,,,,,-1677.6702289542,0.3768308836,0.3073285034,,-1681.8265132265,0.4594070594,0.3970226399
,,,,,-1677.6023064654,0.3878478511,0.3116852693,,-1682.3930278119,0.4722145829,0.4046162176
,,,,,-1677.4409457266,0.378482422,0.3030421143,,-1682.5757332868,0.4467478377,0.3859227256
,,,,,-1679.3221785744,0.3429217097,0.2627060554,,-1682.4314202221,0.4405078943,0.3785488823
,,,,,-1678.0117464587,0.3607805788,0.2844970772,,-1682.1527488671,0.4373184928,0.3678312319
,,,,,-1678.5256005338,0.3639907974,0.2851812144,,-1681.9476184321,0.4382418659,0.3739798353
,,,,,-1677.8487867077,0.3673033131,0.295725368,,-1682.0231745932,0.4219265385,0.3548607563
,,,,,-1677.5715675092,0.3707400775,0.2954810266,,-1681.7963484819,0.4378306709,0.3719468486
,,,,,-1677.8163922706,0.369540011,0.2985515118,,-1682.8117466477,0.4324031439,0.3705005137
,,,,,-1677.9838652386,0.3603880568,0.2865705788,,-1683.1991916491,0.4450748274,0.3731401587
,,,,,-1678.9158758967,0.3538136711,0.2821444771,,-1683.203798071,0.4420582359,0.3822008402
,,,,,-1677.7124575887,0.3657116728,0.2923069566,,-1681.7734064326,0.4397428774,0.373865053
,,,,,-1676.844334109,0.3888533319,0.3160884709,,-1682.0773393192,0.451422527,0.3894737247
,,,,,-1676.4796575605,0.4009258461,0.3296614356,,-1681.9146005224,0.46861878,0.4025416713
,,,,,-1676.6587273516,0.3951210479,0.3229901592,,-1681.8744700013,0.4511595444,0.383862709
,,,,,-1678.3563718023,0.4200912199,0.3439917607,,-1682.0793013757,0.4551554227,0.3936059883
,,,,,-1676.4738380021,0.4246909916,0.3604541439,,-1683.0296530278,0.4665232187,0.4086862281
,,,,,-1676.4250779111,0.4316251362,0.3681966788,,-1681.7258768828,0.4652750865,0.4025848917
,,,,,-1676.0574729229,0.440338178,0.3765550544,,-1682.1248121725,0.4657802025,0.3984976162
,,,,,-1676.5179765164,0.4602360352,0.3911926581,,-1681.6735925033,0.4591914521,0.3947398249
,,,,,-1676.4929783309,0.4511948737,0.3814536777,,-1684.7622895588,0.4604608352,0.4050689146
,,,,,-1675.745781093,0.4551607218,0.3902227233,,-1681.7141455254,0.4645119025,0.4016247977
,,,,,-1675.7739384798,0.4559262404,0.3919034734,,-1681.9954484431,0.4751734385,0.4093600875
,,,,,-1675.7505503585,0.463642579,0.3997040734,,-1682.7155124714,0.4696941245,0.400956672
,,,,,-1675.7460988183,0.462631088,0.398354039,,-1681.7329901878,0.472759958,0.4084811947
,,,,,-1676.4078816474,0.4425183442,0.380380151,,-1681.711088787,0.4583775243,0.3929225772
,,,,,-1676.1261892478,0.4483801689,0.3858670693,,-1681.7357091073,0.4606100476,0.3950393575
,,,,,-1675.8339986289,0.4655296074,0.4000095358,,-1681.6980839588,0.4525723139,0.3871063263
,,,,,-1675.884731729,0.4818192364,0.4180393612,,-1681.6729004197,0.4651811667,0.4013087937
,,,,,-1676.2970072141,0.4863985856,0.427425918,,-1682.8227874869,0.4814561227,0.4135734972
,,,,,-1676.312452255,0.4952867934,0.4367018739,,-1682.4868771408,0.4750857696,0.4165899668
,,,,,-1677.5241792389,0.509617474,0.4431527326,,-1681.7013962127,0.4736038614,0.410006882
,,,,,-1676.1271559758,0.4977627099,0.438187407,,-1682.248273351,0.4784476298,0.4194352543
,,,,,-1677.1706013205,0.4987810074,0.4319294845,,-1683.5927465128,0.4843539173,0.4290128881
,,,,,-1676.6636342871,0.5070589246,0.4426684357,,-1681.9171567729,0.4938445685,0.4309532162
,,,,,-1676.4118780821,0.5119481341,0.449411052,,-1684.2355235496,0.5017318675,0.4329921544
,,,,,-1676.3924698822,0.521309426,0.4620460813,,-1682.1404324627,0.5139377704,0.4549231451
,,,,,-1676.6253151408,0.4978388938,0.44050412,,-1682.9209079492,0.5154473266,0.4602146343
,,,,,-1676.0414342761,0.4977862559,0.4373942381,,-1682.0154151401,0.5075800303,0.4469636911
,,,,,-1675.8738276488,0.4854142448,0.4234262468,,-1682.4715051879,0.5088972174,0.4520179538
,,,,,-1675.7529293046,0.4646596593,0.4008277096,,-1682.0634200826,0.5051052241,0.4430231444
,,,,,-1677.2926452027,0.4719367422,0.4020692606,,-1682.0857068679,0.5115299011,0.4520349459
,,,,,-1675.8751350807,0.4554033395,0.3886153964,,-1682.5486274153,0.5209176119,0.4586363643
,,,,,-1676.2916930615,0.4605213262,0.3922267039,,-1683.3358848088,0.5163828095,0.4510192026
,,,,,-1675.9526175233,0.4457731002,0.3821011232,,-1684.0792682361,0.5068707423,0.4537911719
,,,,,-1676.3833767087,0.4476138444,0.38595698,,-1682.1209136035,0.4921680316,0.4277488027
,,,,,-1675.8184540527,0.4612905874,0.3954773407,,-1682.6522528946,0.4905331646,0.4334929345
,,,,,-1676.2609750301,0.4587879596,0.3978121985,,-1682.4748316559,0.5038967377,0.4395177501
,,,,,-1677.3433093515,0.4712733539,0.4012370122,,-1682.832853243,0.514946575,0.4594397267
,,,,,-1675.7942460579,0.4667250759,0.4037964205,,-1683.5504217736,0.4972936841,0.4427004326
,,,,,-1676.6976927885,0.4549290863,0.3949015803,,-1682.4592432548,0.5277788469,0.4705270656
,,,,,-1676.7681961092,0.4707958444,0.4122911374,,-1682.189641396,0.5174250228,0.4585212247
,,,,,-1675.9688312562,0.462925288,0.3962280055,,-1682.2506200311,0.5216664316,0.461992212
,,,,,-1675.7532650756,0.4519529373,0.3865224584,,-1681.9492463424,0.4994226209,0.4394897671
,,,,,-1675.7663485426,0.4695700512,0.406091837,,-1681.9529712322,0.5014529003,0.4413767938
,,,,,-1680.2101070785,0.4505875476,0.3958473811,,-1683.3550195135,0.4966150041,0.4415884642
,,,,,-1675.821000641,0.4560885419,0.3897925527,,-1681.8327200153,0.493030889,0.4314523152
,,,,,-1676.0880845939,0.4565344859,0.3886822577,,-1682.7655258092,0.4878960991,0.4310034591
,,,,,-1675.9872557096,0.4579798522,0.3957865455,,-1681.8157701257,0.4753411831,0.4140750298
,,,,,-1675.843928729,0.4452359618,0.3780581122,,-1682.4078903728,0.474919393,0.4161797088
,,,,,-1675.8950009701,0.4584423941,0.3957595941,,-1682.3682708622,0.4647370997,0.3965228814
,,,,,-1675.7491916773,0.4549691216,0.3902768061,,-1682.4747252708,0.4490691882,0.3882121019
,,,,,-1676.2882318314,0.4591171221,0.3907093149,,-1681.8344584306,0.4444179234,0.3802970334
,,,,,-1676.1982842826,0.4659337635,0.4053253034,,-1682.2534323193,0.4106132381,0.3405644016
,,,,,-1676.4134101638,0.4684358128,0.4087586034,,-1683.0009611309,0.4109502928,0.3373803195
,,,,,-1676.762645495,0.4865200378,0.4193829217,,-1682.3419939223,0.4187301825,0.3477536734
,,,,,-1677.3206304093,0.4787841624,0.4221135781,,-1682.4419544164,0.4133267943,0.3418305039
,,,,,-1677.7084709391,0.4838458609,0.4142905224,,-1681.9869514531,0.4286632277,0.3598637315
,,,,,-1676.1172621986,0.4906251642,0.4263968739,,-1681.8673009469,0.4418963692,0.3741760404
,,,,,-1677.931573088,0.4999903563,0.4316424258,,-1682.3591892489,0.425187092,0.3608722339
,,,,,-1677.7870134775,0.4861076332,0.4308365553,,-1682.2727994982,0.4147904651,0.3481064113
,,,,,-1676.1600078867,0.4737804042,0.4135740844,,-1682.7069454262,0.4015290812,0.328882278
,,,,,-1677.3571234548,0.4670129059,0.4095224304,,-1682.5997453063,0.4037785304,0.3364037884
,,,,,-1675.9643661567,0.4792745269,0.4183560178,,-1682.8290563126,0.3900772398,0.3199942263
,,,,,-1676.3999967825,0.496430365,0.4316407755,,-1682.998862296,0.4056416287,0.3402036872
,,,,,-1676.5890644986,0.4753063344,0.4074902524,,-1683.4101617345,0.3908191382,0.3237493526
,,,,,-1676.1386281093,0.5025074242,0.4428606133,,-1684.3687227297,0.4096550573,0.333009829
,,,,,-1676.2972783067,0.5160614002,0.4556866217,,-1682.8139865206,0.3933364312,0.32435737
,,,,,-1676.2117019882,0.5102629902,0.4506326382,,-1682.1609904229,0.4157111514,0.3460168453
,,,,,-1676.3281482692,0.5173562721,0.4568949939,,-1681.9818680062,0.4233956558,0.3551293606
,,,,,-1676.9700811768,0.5233675725,0.4601540374,,-1682.1211555356,0.4157710298,0.3478442511
,,,,,-1676.162693284,0.5079173691,0.4468084894,,-1682.4809997881,0.4102980769,0.3437947689
,,,,,-1676.7223180318,0.5168703842,0.4602993889,,-1682.4787994235,0.4134129658,0.3417459991
,,,,,-1676.3528738161,0.5179185428,0.4589765342,,-1684.0225550287,0.4179232277,0.3566665846
,,,,,-1677.0682607537,0.5133740504,0.4578769846,,-1682.2308988948,0.4197210909,0.3538487444
,,,,,-1676.3764723848,0.5166972544,0.4582011643,,-1682.1776355745,0.4368675935,0.3672515163
,,,,,-1677.533436765,0.5289529392,0.464795695,,-1682.0301808949,0.428536141,0.3631453661
,,,,,-1676.5078916736,0.5263770463,0.467857815,,-1682.1531567247,0.4343367343,0.3705578009
,,,,,-1676.640981114,0.5263778505,0.4651982266,,-1683.2236678759,0.4249900293,0.3515863087
,,,,,-1680.3238764013,0.5465850578,0.4792455528,,-1682.3261424179,0.4186579264,0.3530769456
,,,,,-1676.5280857197,0.5270410282,0.4671335963,,-1682.7051565241,0.4132098455,0.3406508102
,,,,,-1676.6523705178,0.5203555713,0.4634582982,,-1682.1315606546,0.4236325248,0.3538324522
,,,,,-1676.060795373,0.5006639993,0.4388592857,,-1682.8903705454,0.4362689108,0.3643977511
,,,,,-1676.0973071576,0.4988645785,0.4390153962,,-1682.0979824114,0.4194461036,0.3500529798
,,,,,-1675.8658681738,0.483759361,0.4218232552,,-1682.3899041552,0.4038264239,0.3334780679
,,,,,-1676.4808280272,0.4959862455,0.4308285488,,-1681.9919134037,0.4222400972,0.3541928569
,,,,,-1677.1154874583,0.5106884578,0.4453581616,,-1682.0354537427,0.4231420994,0.3541143974
,,,,,-1676.6936075078,0.5062701138,0.4494315665,,-1683.3154706865,0.4379896709,0.3652738095
,,,,,-1676.1767055069,0.5094224745,0.4488373005,,-1681.7097238604,0.448687637,0.3830714343
,,,,,-1676.3057494004,0.5168993837,0.4570219634,,-1681.676216623,0.4639018478,0.3995789778
,,,,,-1676.424138281,0.5176763258,0.4595098275,,-1682.5585582413,0.4720653796,0.4039676329
,,,,,-1676.2260058063,0.508462794,0.4492492454,,-1681.8944841956,0.4742535054,0.4134381795
,,,,,-1676.1355366726,0.5001784413,0.4373861082,,-1682.0166265199,0.4761386238,0.4160617098
,,,,,-1677.1932912368,0.4723278053,0.4027113224,,-1681.6825158581,0.4676238091,0.4043627037
,,,,,-1675.8154386791,0.468082426,0.4054702151,,-1682.1019954499,0.4844472168,0.4191756498
,,,,,-1675.8411590695,0.4743665457,0.4122687298,,-1683.0204160733,0.4940051077,0.438093218
,,,,,-1676.3323878721,0.4680551668,0.4080866661,,-1682.1721793974,0.5126166715,0.4540983187
,,,,,-1675.8480628056,0.4578551729,0.3914743029,,-1682.1937370132,0.4880107515,0.4227656857
,,,,,-1675.8113720441,0.4741782798,0.4116889653,,-1682.5551905031,0.4924075248,0.4264034443
,,,,,-1678.1768138042,0.4834471045,0.4286707266,,-1682.9403380294,0.4907175783,0.4344258434
,,,,,-1675.9931363399,0.4648836332,0.4032960274,,-1682.3266277786,0.4860536091,0.4200896447
,,,,,-1675.8755617096,0.4762444866,0.4116837814,,-1682.5290881597,0.4928587955,0.4355854129
,,,,,-1676.1318151148,0.4645381607,0.3972233583,,-1684.181566394,0.5229364651,0.4565118184
,,,,,-1675.8621042168,0.4441754135,0.3796372566,,-1682.0735278973,0.5060823748,0.4470537591
,,,,,-1676.6962335812,0.4516408661,0.3912932376,,-1682.1674101001,0.5109583501,0.449176111
,,,,,-1676.0695408671,0.4188188016,0.3500097369,,-1682.9890630482,0.5276803528,0.4728948023
,,,,,-1676.4741992736,0.4314618501,0.3681769479,,-1682.4224078196,0.5293887923,0.4698013005
,,,,,-1675.9729622101,0.4528110752,0.390043441,,-1682.7734339948,0.5300334297,0.4682092867
,,,,,-1679.1379985874,0.4607853573,0.3867669652,,-1682.8310917088,0.5235445851,0.4681915336
,,,,,-1677.9511196477,0.4577759532,0.3853632313,,-1685.4080978015,0.5070355825,0.4369785961
,,,,,-1675.7968334242,0.4527866412,0.3887146795,,-1682.0249211848,0.4930493976,0.4337644811
,,,,,-1678.4637632245,0.4470677902,0.3896638252,,-1681.7515216075,0.482180996,0.420308068
,,,,,-1675.7600928871,0.4620736903,0.3983453547,,-1681.7216790283,0.4761691872,0.4125752685
,,,,,-1675.8788048273,0.4830280595,0.4213731131,,-1681.8142923932,0.4546081403,0.3879354622
,,,,,-1676.166294214,0.4978647709,0.4385560775,,-1682.2605525482,0.4597734765,0.3993278655
,,,,,-1677.5425341793,0.4885628702,0.4329864224,,-1682.1136698466,0.4629903787,0.3955004269
,,,,,-1677.1883251829,0.4937899197,0.4377705268,,-1681.7330352177,0.465725706,0.4031467394
,,,,,-1676.4435616279,0.519368286,0.4612277205,,-1682.6946800351,0.4407429375,0.3795564627
,,,,,-1676.3637231242,0.5169013875,0.4557727438,,-1681.7012164935,0.4570628656,0.3916708192
,,,,,-1677.5447785071,0.5384617602,0.4847090579,,-1682.1634267817,0.4611701489,0.3933331986
,,,,,-1676.5558090213,0.5292067276,0.4705739451,,-1681.70062336,0.456054197,0.3906193744
,,,,,-1676.4606298882,0.5248208629,0.4657046654,,-1681.9066847018,0.4296027991,0.363261013
,,,,,-1676.142522907,0.507313162,0.4467747976,,-1681.9452186081,0.432265698,0.3637770166
,,,,,-1676.6420200237,0.5009079544,0.443737501,,-1683.2861418429,0.4409640525,0.3685310574
,,,,,-1678.0387929128,0.5052648395,0.4372663575,,-1681.9478045911,0.4371718066,0.3727431671
,,,,,-1676.7481044894,0.5177602501,0.4545562561,,-1682.8212680619,0.4340307954,0.3621845628
,,,,,-1676.6464806623,0.4980200078,0.4325403259,,-1681.9131161197,0.4527184437,0.390147827
,,,,,-1677.4434348715,0.5068276566,0.45201949,,-1681.7219526321,0.4513796199,0.3871222838
,,,,,-1677.1057006534,0.5247462211,0.4612691697,,-1684.0057053209,0.4829484783,0.4127796885
,,,,,-1676.2952186444,0.5144555149,0.4534397505,,-1682.201481881,0.4834349912,0.4176402095
,,,,,-1677.7158343511,0.5161745623,0.4623382724,,-1684.9395929775,0.4961505116,0.425730336
,,,,,-1678.0962024083,0.5282997512,0.4627469246,,-1681.9441557184,0.484699039,0.4246932714
,,,,,-1676.1211794936,0.5043568639,0.4443078352,,-1681.6924591612,0.4726813138,0.4092139621
,,,,,-1676.0647499498,0.5015535184,0.4409542109,,-1682.4649757997,0.4731457431,0.4054192149
,,,,,-1676.2905711176,0.5062389049,0.4476237727,,-1681.8054718719,0.4636355456,0.4014938042
,,,,,-1676.1441357153,0.5054999978,0.4438492563,,-1683.0158956649,0.4533494314,0.3824760098
,,,,,-1676.0108700317,0.4977824072,0.4367942622,,-1682.4184717705,0.4411856604,0.3709632912
,,,,,-1676.546603463,0.4817105689,0.4146871073,,-1681.7994179324,0.4380112401,0.3722608753
,,,,,-1675.9635946978,0.4781800422,0.4132005505,,-1681.9977793332,0.4392033327,0.375374144
,,,,,-1680.4516048417,0.4734372174,0.3988156635,,-1681.6789138215,0.4574373968,0.393145379
,,,,,-1675.7522006812,0.4629019325,0.398237303,,-1681.6795303875,0.460956882,0.3962642994
,,,,,-1676.086872,0.4617872709,0.4003939907,,-1681.6980519099,0.4519890569,0.3873390738
,,,,,-1676.769963338,0.4616182834,0.4023765755,,-1682.2681704436,0.4518167586,0.390611886
,,,,,-1675.8004802346,0.4700303905,0.407317837,,-1681.7456954764,0.4825361682,0.4204357884
,,,,,-1675.8947812653,0.4679351922,0.4059821669,,-1681.7799557289,0.4838569819,0.4224321338
,,,,,-1675.8752012145,0.4850079445,0.4220820999,,-1681.9429701814,0.4855902757,0.4212731313
,,,,,-1676.2080520424,0.4948664565,0.4357742207,,-1682.5598830693,0.4958748409,0.4302468482
,,,,,-1677.5983963099,0.4732873539,0.4167570899,,-1682.2335469535,0.5016841231,0.4436560487
,,,,,-1676.0683852948,0.5022521086,0.4410068387,,-1682.5877333226,0.5240989854,0.4621486514
,,,,,-1676.2163616002,0.4919982219,0.4328834675,,-1682.6692040921,0.5373348109,0.477502793
,,,,,-1675.8921976432,0.4875661191,0.4250789204,,-1682.9084003129,0.5503763428,0.4940673601
,,,,,-1675.8137120861,0.4719477267,0.4074393587,,-1682.6779361409,0.5318332324,0.4707773651
,,,,,-1675.8645257456,0.4822334495,0.4188147145,,-1683.3333726715,0.5476252184,0.4864213575
,,,,,-1676.6176611493,0.4778760112,0.4102387326,,-1683.8334290593,0.5701484175,0.5175777722
,,,,,-1675.9353794705,0.491546902,0.4300404664,,-1684.3441042658,0.5796367947,0.5202036134
,,,,,-1675.8996848045,0.4872858076,0.4256716659,,-1683.8383500398,0.582441807,0.5283708946
,,,,,-1675.9108640912,0.4841737912,0.4228924293,,-1684.1755377361,0.5916787164,0.5357758422
,,,,,-1675.9202262017,0.4891035455,0.4276865152,,-1683.822320519,0.5828287645,0.5282861635
,,,,,-1679.6624979999,0.4974146741,0.4457399875,,-1684.6103636501,0.5830953735,0.5233957763
,,,,,-1677.2040061142,0.5248138903,0.4699494208,,-1684.4293176238,0.5769905494,0.5168647508
,,,,,-1676.6182190855,0.5316265913,0.4734391974,,-1684.4975140394,0.5604772559,0.497850698
,,,,,-1677.7207758371,0.5440831915,0.4908416199,,-1682.829521579,0.532426709,0.4707496811
,,,,,-1676.8763660557,0.5418988372,0.4847600928,,-1682.7514450438,0.5405836094,0.4809170642
,,,,,-1677.0564700987,0.5465092574,0.4903740961,,-1682.3629549645,0.5212626776,0.4637449245
,,,,,-1677.3092826649,0.5477968177,0.4872349718,,-1684.6168307695,0.5179413281,0.4502054164
,,,,,-1677.6099702934,0.5444767695,0.4909089874,,-1681.839035267,0.4929983505,0.4310386884
,,,,,-1678.608369671,0.5539699841,0.5029411177,,-1683.2696745787,0.4875338777,0.4192241634
,,,,,-1677.499071459,0.5362310638,0.4731457254,,-1681.9673486167,0.4853733027,0.4208838693
,,,,,-1676.4471160141,0.5240634511,0.464427981,,-1682.4504898023,0.4991708619,0.4342919616
,,,,,-1676.7478741274,0.5320119791,0.4713426434,,-1682.0350309205,0.4938753872,0.434666371
,,,,,-1677.0187897057,0.5336847268,0.4718898803,,-1682.0043824679,0.5051705402,0.4437810987
,,,,,-1676.0684278442,0.5023916499,0.4414358167,,-1682.3755961056,0.5142816977,0.4570306228
,,,,,-1676.2048894953,0.5088885022,0.4493881987,,-1682.1958057756,0.5126909943,0.451032327
,,,,,-1676.3215657139,0.514160101,0.452749468,,-1682.1929832822,0.5021860423,0.443969079
,,,,,-1676.683353179,0.525021691,0.4633149806,,-1684.41315645,0.4941338235,0.4408495705
,,,,,-1676.9681000042,0.5090163999,0.4438964262,,-1682.113858864,0.5056242404,0.4432384769
,,,,,-1676.2255635119,0.5082083295,0.4463025171,,-1681.9250458883,0.4822474366,0.4220292265
,,,,,-1676.2514477326,0.513293103,0.4536533163,,-1682.0898634904,0.4727316945,0.4127381336
,,,,,-1676.4602656225,0.5164744773,0.4586291095,,-1681.7717793595,0.4691688904,0.4071933465
,,,,,-1676.6425833644,0.5105148062,0.4535791797,,-1681.7162410919,0.4749999592,0.4126324845
,,,,,-1677.5373470846,0.5055570166,0.4508954567,,-1681.7204984365,0.4730471602,0.4107226358
,,,,,-1676.2043012599,0.5104667083,0.4495496698,,-1681.7766466491,0.4594081793,0.3966674466
,,,,,-1676.6526525077,0.5058190829,0.4488283246,,-1681.7611995652,0.4463796465,0.3818501937
,,,,,-1677.0691528294,0.5247644006,0.4694806634,,-1681.9595618264,0.4443598579,0.3810315537
,,,,,-1676.8673113664,0.5241852267,0.4614811807,,-1682.4590435333,0.4571283138,0.387985069
,,,,,-1676.6662575997,0.520327198,0.4578817342,,-1681.9495036894,0.4439320966,0.3804930946
,,,,,-1676.373044927,0.5110544397,0.4528433148,,-1682.6004515676,0.4326846305,0.370244144
,,,,,-1676.1531246366,0.5071437534,0.4459131882,,-1682.6300542687,0.4670681425,0.3983135488
,,,,,-1676.9902065335,0.5159632875,0.4603023478,,-1681.7235486066,0.4629488231,0.4000439901
,,,,,-1676.39276745,0.5200245316,0.4612419691,,-1681.672328332,0.4617191279,0.397406259
,,,,,-1676.2400541573,0.5125019878,0.4528569038,,-1682.0577354419,0.4680616995,0.4012604015
,,,,,-1676.2751926304,0.5147326773,0.4542051049,,-1681.9138615718,0.4582749084,0.3962856396
,,,,,-1676.52548488,0.5161427616,0.4536997146,,-1681.6730443406,0.460402316,0.3959687788
,,,,,-1677.5623574569,0.5116614791,0.4573181766,,-1682.193352727,0.4726089042,0.405717436
,,,,,-1676.654748094,0.5212272384,0.4589906228,,-1682.3303757191,0.4637199915,0.4038525395
,,,,,-1676.1652954937,0.5074549801,0.4475894814,,-1681.6787731368,0.458661546,0.3938644937
,,,,,-1676.2877307326,0.5123450602,0.453403308,,-1681.9019567162,0.4364275856,0.3683108954
,,,,,-1676.0996038318,0.4953735723,0.431996073,,-1681.8250852454,0.4419058338,0.3773080216
,,,,,-1676.944351067,0.5172237395,0.4532379093,,-1682.0913620198,0.4527755681,0.3845368468
,,,,,-1676.5127793311,0.5085516368,0.4449649149,,-1682.7098155467,0.43980923,0.3785527115
,,,,,-1677.3409972589,0.5224621782,0.4679364521,,-1682.0293220833,0.4205949057,0.3530851544
,,,,,-1676.7688328396,0.5347657166,0.4777772857,,-1683.5048610138,0.4272942438,0.3662924008
,,,,,-1676.7777321191,0.5388510296,0.4801446916,,-1681.8513373893,0.451718476,0.384602683
,,,,,-1676.5406712543,0.5193662986,0.4619019643,,-1682.0821537993,0.459471117,0.3983537485
,,,,,-1677.2999999176,0.5465755055,0.4918421723,,-1681.6959610875,0.4576083201,0.3923377279
,,,,,-1677.1638159965,0.5496962478,0.4939748506,,-1682.0560441078,0.4527634243,0.3908703625
,,,,,-1677.5183680934,0.5468700459,0.4929757425,,-1681.6740933447,0.4635274824,0.3992597634
,,,,,-1677.467178932,0.5362240206,0.4822373789,,-1684.8564897125,0.4646577904,0.4097739193
,,,,,-1677.2401771335,0.5354384207,0.473067837,,-1681.7950025964,0.4826297871,0.4190688682
,,,,,-1679.3325450287,0.5477301262,0.4820782216,,-1681.7700980187,0.4736499001,0.4119193346
,,,,,-1677.0864231538,0.5462431874,0.4903706921,,-1681.7081004503,0.4767815637,0.413955513
,,,,,-1676.9213991877,0.5447563935,0.4865198806,,-1681.8207225133,0.4832034739,0.4194662844
,,,,,-1678.0973023919,0.5558578424,0.4938598831,,-1681.9155201036,0.4941098036,0.4312818961
,,,,,-1677.1326728744,0.5528142335,0.4951318954,,-1681.9348018264,0.4996557006,0.4377943252
,,,,,-1677.2793491602,0.5533057849,0.4979688656,,-1682.2380410475,0.5028139388,0.4448273912
,,,,,-1678.359125111,0.540156476,0.4883753011,,-1683.4360283305,0.4943688913,0.4263963802
,,,,,-1676.0011183649,0.4972912567,0.4356568793,,-1681.94807485,0.4734358643,0.4128558442
,,,,,-1677.6334882158,0.5145807727,0.460507005,,-1683.9603476261,0.4931575516,0.4240524793
,,,,,-1676.2900901283,0.5125315596,0.4535954586,,-1681.7920965966,0.4887958265,0.4268783661
,,,,,-1677.9907934573,0.5083121545,0.440730147,,-1682.2124512474,0.5002775816,0.4421221772
,,,,,-1676.1883646586,0.5019274371,0.4390524765,,-1683.1754938477,0.5070105317,0.4409654189
,,,,,-1675.9328742982,0.485146012,0.4214268834,,-1682.1199370072,0.497028243,0.4332633376
,,,,,-1675.8233121071,0.47915707,0.4158778142,,-1682.6779855181,0.497600858,0.4318127916
,,,,,-1676.0797615406,0.4817546799,0.4165481438,,-1681.7968554975,0.4883752495,0.4259860178
,,,,,-1678.6554860431,0.478972736,0.424623002,,-1684.0407866971,0.5048480253,0.4515908699
,,,,,-1680.500703964,0.5140184169,0.4431345443,,-1682.0565919804,0.4964654554,0.4329742229
,,,,,-1676.691589858,0.4978011973,0.4406738044,,-1681.998998506,0.4693347629,0.4087055379
,,,,,-1676.0983840676,0.5040368554,0.4427614184,,-1681.8774625887,0.472407322,0.4113762139
,,,,,-1676.0906284047,0.5036831842,0.4424753181,,-1681.8543008596,0.4797500103,0.418968616
,,,,,-1675.9328595945,0.4916962773,0.4297045347,,-1682.4482954845,0.4803342565,0.4220897863
,,,,,-1678.7744044639,0.5313044126,0.4647844568,,-1681.7379526139,0.4808691039,0.4187531678
,,,,,-1676.5262226189,0.5250015101,0.4670158962,,-1681.7107230952,0.4758541256,0.4133338194
,,,,,-1677.3395157227,0.5437923446,0.4893148702,,-1681.7775527747,0.4822103481,0.4207799866
,,,,,-1676.8837688784,0.5415226913,0.4822994593,,-1681.690846815,0.4634990169,0.3987675733
,,,,,-1676.9427449306,0.5266632835,0.4709358837,,-1681.8295084732,0.4418560646,0.3744482473
,,,,,-1677.5602354688,0.5329593765,0.4792027282,,-1682.3013454729,0.4289489497,0.3649885084
,,,,,-1677.8304318911,0.5498353813,0.4968882973,,-1681.8686128207,0.4306162512,0.3636568924
,,,,,-1677.6533964289,0.570608942,0.5139888881,,-1682.171632875,0.4296655235,0.365260454
,,,,,-1677.5484065107,0.544771935,0.4910085879,,-1682.5138946702,0.4431597326,0.3727815525
,,,,,-1677.7875002026,0.5614342646,0.5013555832,,-1681.7824285509,0.4411964523,0.3743425175
,,,,,-1677.5232595251,0.5659878502,0.5088424751,,-1681.7197629328,0.4475238434,0.3816574072
,,,,,-1677.2542515562,0.5541639631,0.4985144265,,-1683.0009118919,0.4339024865,0.3616004623
,,,,,-1678.2699796673,0.5469659686,0.4951159396,,-1682.1495325024,0.4179232715,0.3481484596
,,,,,-1678.1133512414,0.5612978376,0.5090390534,,-1682.4599470134,0.4169699116,0.3454374745
,,,,,-1677.6641100975,0.5710283736,0.5144975904,,-1682.6935598117,0.4476181113,0.3871973493
,,,,,-1678.1202981619,0.5803780115,0.5227922826,,-1682.1005123104,0.4621109973,0.3945954926
,,,,,-1680.8257198084,0.5864577624,0.5227954808,,-1682.4825637019,0.4379099161,0.3757885301
,,,,,-1678.7502276129,0.6002469064,0.544313953,,-1682.5367467914,0.417179227,0.3522201418
,,,,,-1679.6481305968,0.6096714402,0.5602270849,,-1682.2761419604,0.408868026,0.3403924936
,,,,,-1679.6073887717,0.6208995827,0.5701220209,,-1682.3390111009,0.4057500715,0.3367264459
,,,,,-1680.5367538387,0.6323159876,0.5841676449,,-1683.2889213985,0.3767600312,0.3047750269
,,,,,-1680.0310259952,0.6160604664,0.5581274694,,-1683.2548116487,0.3911952156,0.3236973285
,,,,,-1679.0468599964,0.6074566956,0.5517378002,,-1682.5152190625,0.3997478908,0.3304471296
,,,,,-1679.2299262654,0.6008539629,0.5505746535,,-1682.4541011862,0.4091711146,0.3422773307
,,,,,-1679.0827261393,0.6002958999,0.5495197508,,-1682.2807957997,0.4146266591,0.3479568208
,,,,,-1678.7584376366,0.5991893847,0.5469547723,,-1682.4834984762,0.4277666858,0.3565446894
,,,,,-1678.7390812519,0.591492227,0.5400481977,,-1683.0652718053,0.4190276689,0.345659491
,,,,,-1677.3443041648,0.5590595305,0.5032713487,,-1681.9635978275,0.4250089454,0.3567473582
,,,,,-1677.2462828577,0.5518108935,0.4924598402,,-1682.4297312021,0.4055787733,0.337588859
,,,,,-1679.4305349727,0.5339255274,0.4838123055,,-1687.6586116094,0.3848514421,0.323844958
,,,,,-1677.426887285,0.534209059,0.4800941761,,-1683.0935715161,0.4040494482,0.3299759046
,,,,,-1676.8898187229,0.5435083576,0.4859361844,,-1683.4367493533,0.408738935,0.333936233
,,,,,-1676.8754886987,0.5310605922,0.4749664087,,-1682.9975557963,0.4072679698,0.3335799329
,,,,,-1676.7375784647,0.5318282012,0.4748975967,,-1683.346806577,0.4119323396,0.3375008627
,,,,,-1676.5829232371,0.528975871,0.4690017591,,-1682.1516755034,0.4141235947,0.3459755851
,,,,,-1676.6558215172,0.5154881411,0.4586438859,,-1682.9217623794,0.4222326876,0.3494120596
,,,,,-1676.8125336514,0.5335160321,0.4727478773,,-1682.673933916,0.4208525683,0.3569527046
,,,,,-1676.8461498977,0.5369516739,0.4803307341,,-1681.853633764,0.4329367662,0.3667056627
,,,,,-1676.9683147967,0.5337118281,0.4721464047,,-1682.5335774577,0.4260880301,0.3546159384
,,,,,-1676.3933593212,0.517847011,0.4566650459,,-1682.9469070851,0.4357905591,0.374640241
,,,,,-1676.6542329383,0.5285955258,0.4678179532,,-1682.3995217216,0.4359373869,0.3733038751
,,,,,-1676.752136323,0.5379092212,0.4798849078,,-1681.7528425596,0.4423847633,0.3760916812
,,,,,-1677.5963937014,0.5436889082,0.4813807862,,-1682.4821758204,0.4373785919,0.3751896783
,,,,,-1676.3960616888,0.5159051452,0.4542426993,,-1682.7979179157,0.4340534335,0.3622696264
,,,,,-1677.2342276615,0.5290681597,0.465785528,,-1683.2915724279,0.4232363054,0.3612598365
,,,,,-1679.1071693726,0.5301071858,0.4628834586,,-1682.5275059158,0.412479659,0.3405892926
,,,,,-1677.8548030684,0.5283411783,0.4633214735,,-1682.1076950959,0.4162759908,0.3483153946
,,,,,-1676.4347748704,0.5158660923,0.4539145105,,-1684.0342117623,0.405175815,0.3421074213
,,,,,-1682.0363952467,0.5233464124,0.451515478,,-1682.792497801,0.3918698179,0.3222021196
,,,,,-1676.1443804088,0.5053662083,0.4436716981,,-1682.8753094526,0.3915642233,0.3185514392
,,,,,-1676.1817221451,0.5096527788,0.448991242,,-1683.3532973528,0.3815468391,0.3120003372
,,,,,-1676.0583824377,0.4938966513,0.4338509901,,-1682.7245829791,0.3942690578,0.3249276877
,,,,,-1676.6377012581,0.5027695178,0.4456436714,,-1682.714462046,0.3928278305,0.3210840549
,,,,,-1676.4134722663,0.4996187044,0.4415725886,,-1683.0065683573,0.3922453158,0.3184676515
,,,,,-1677.0903268825,0.4889450984,0.432427435,,-1683.3825413575,0.3857590087,0.3106083056
,,,,,-1676.2721526537,0.5141790839,0.4547259027,,-1683.164285069,0.3984336662,0.3240178974
,,,,,-1676.4578615856,0.5233854161,0.4631291068,,-1682.4568380925,0.4017462263,0.3325952217
,,,,,-1676.3043254621,0.4976518136,0.4334439273,,-1682.919488943,0.4121944156,0.3389116431
,,,,,-1677.2738249169,0.5145089361,0.459592591,,-1682.1761943771,0.4152625179,0.3479194164
,,,,,-1678.7211945572,0.5309026375,0.4795278588,,-1683.9764067371,0.4130271982,0.3373136521
,,,,,-1677.1377721963,0.5493976641,0.4935148385,,-1683.0338862913,0.4258652255,0.3636544584
,,,,,-1677.0105007947,0.5356543326,0.4800408485,,-1685.0331261824,0.3914151266,0.3279283947
,,,,,-1679.2663356279,0.5360684287,0.4857810532,,-1683.6902539776,0.4174503789,0.3425734884
,,,,,-1677.3595143556,0.5301375266,0.4757927144,,-1682.0930912434,0.4196758941,0.3527750418
,,,,,-1677.1632881899,0.5369047869,0.4750516488,,-1682.294117616,0.4182754293,0.3524600078
,,,,,-1678.5384610291,0.5402287009,0.4751782246,,-1683.87303197,0.3957611995,0.330823268
,,,,,-1677.725227947,0.5366669381,0.4730146436,,-1682.5689680832,0.4004192723,0.3286744331
,,,,,-1681.8826560111,0.5186241564,0.4708304879,,-1682.2011054212,0.4233780095,0.3531726331
,,,,,-1677.0503694709,0.5328519986,0.4707878776,,-1681.9692477223,0.429252368,0.3635343947
,,,,,-1677.0653548683,0.5350540514,0.4732923769,,-1682.4648210822,0.4296878663,0.3586264998
,,,,,-1677.0224419846,0.5487450093,0.4914846113,,-1682.2051183998,0.4151270575,0.3450539197
,,,,,-1676.9271788062,0.5442014427,0.4871257672,,-1682.6085850787,0.4146017874,0.342428169
,,,,,-1677.6746293037,0.5452575045,0.4829400618,,-1682.5008520507,0.3997838859,0.3289354672
,,,,,-1676.9710225152,0.5358649934,0.4746782498,,-1683.222204721,0.3780611389,0.3059199357
,,,,,-1676.8582038962,0.5409972566,0.4838499917,,-1683.2426884204,0.3778367794,0.3059275591
,,,,,-1677.3943704795,0.5341417796,0.4799305378,,-1683.6942354056,0.3716276395,0.3006066146
,,,,,-1676.8425146593,0.5255555855,0.4694357195,,-1683.5344142546,0.3899758054,0.3231008219
,,,,,-1676.1259864856,0.4929158602,0.4333358402,,-1682.8983276987,0.38653064,0.3150376867
,,,,,-1675.8742522269,0.4755433776,0.4108967815,,-1684.4761665672,0.3915609176,0.3271238223
,,,,,-1676.9835363194,0.4752418064,0.4063851017,,-1683.0153788778,0.3985581006,0.3318036647
,,,,,-1676.0068180508,0.4777632453,0.4124651086,,-1682.4539047937,0.4008777282,0.330874947
,,,,,-1675.9673021625,0.4706524722,0.4047568337,,-1682.9976515351,0.4069886108,0.3332918221
,,,,,-1675.8132770445,0.4670011663,0.4018498017,,-1683.0509177532,0.3932018386,0.3191997467
,,,,,-1677.6788041457,0.4670192631,0.3959258041,,-1686.5047058252,0.4230807013,0.3442872911
,,,,,-1675.8425521741,0.4678028933,0.4024611313,,-1683.3147397395,0.4254877995,0.3638612671
,,,,,-1675.7653808792,0.4640442875,0.4005333226,,-1682.0126768229,0.4333219331,0.3643755531
,,,,,-1676.1161871014,0.4697942508,0.4091389212,,-1681.7606962814,0.4460758328,0.3814877917
,,,,,-1677.2194972653,0.4822286255,0.4255805062,,-1681.7345617071,0.4471726484,0.3823889781
,,,,,-1676.0625381024,0.4849709742,0.4248480167,,-1682.9600370086,0.4462067838,0.3862732331
,,,,,-1675.8298119116,0.4801763824,0.417014984,,-1681.7414330131,0.4570252802,0.3911269745
,,,,,-1675.833767842,0.4787583303,0.4151287536,,-1681.8769283006,0.4690634335,0.4032392549
,,,,,-1675.7528921545,0.4626552937,0.3987781329,,-1681.9125681278,0.4851802372,0.4249942515
,,,,,-1676.0250270791,0.4576257024,0.3955874996,,-1681.885519088,0.4947634291,0.4343252106
,,,,,-1676.0301052461,0.4500271404,0.3872585133,,-1683.101530567,0.4955958584,0.4399606484
,,,,,-1677.0710230108,0.4501079024,0.3905008497,,-1681.911940714,0.4998672223,0.4391197123
,,,,,-1676.4259435318,0.4567931403,0.3877268348,,-1681.8248698717,0.4890075025,0.4262399458
,,,,,-1676.451651688,0.4462316451,0.3846417153,,-1682.1844066595,0.4789862075,0.4127768947
,,,,,-1675.7447401265,0.4611470215,0.3966183436,,-1681.6899924911,0.4703434022,0.4073525747
,,,,,-1675.7468360466,0.4544617857,0.3894025854,,-1682.6391514824,0.448735152,0.3882930766
,,,,,-1676.1238635747,0.4458793302,0.3770431132,,-1682.083566006,0.4466639817,0.3842026583
,,,,,-1676.1060497816,0.4595596573,0.3980576608,,-1682.4993751778,0.4525615588,0.3829308246
,,,,,-1676.4377322357,0.4641761318,0.4042379074,,-1682.0715575875,0.4518011217,0.3898694963
,,,,,-1675.8226043973,0.4708593067,0.4060918678,,-1684.6184065446,0.4432518873,0.3859653693
,,,,,-1677.2827605251,0.4512702916,0.3922243362,,-1682.6477170396,0.4371819313,0.3660109746
,,,,,-1676.064358435,0.4724261565,0.4117111417,,-1682.0398794129,0.4222227245,0.3554708483
,,,,,-1676.0688491111,0.4727658512,0.4120932682,,-1682.254312878,0.4265032753,0.3619646758
,,,,,-1675.7633478266,0.4597221574,0.3944435406,,-1682.1616949582,0.4219649431,0.3519812314
,,,,,-1676.0321044374,0.4725953914,0.4065614559,,-1681.8709845323,0.43157726,0.3639971339
,,,,,-1675.9164474607,0.4691770647,0.4074473184,,-1683.3441996758,0.4389112114,0.3789871669
,,,,,-1675.9843730625,0.4745307273,0.408976149,,-1682.0081155046,0.4227251288,0.3540883463
,,,,,-1676.0715202865,0.5013103637,0.4395227895,,-1682.5327242404,0.4121374909,0.340221137
,,,,,-1676.602961847,0.5094108448,0.4455718508,,-1682.4256692445,0.4049646547,0.3367455647
,,,,,-1676.3358435493,0.4992335801,0.4351004235,,-1682.8240382816,0.3926903241,0.3199060367
,,,,,-1676.6615551247,0.5127003872,0.4558636708,,-1683.3176655919,0.4099182157,0.3354599122
,,,,,-1676.5114341039,0.5113269827,0.4538479993,,-1682.0642686274,0.4264868381,0.3571235017
,,,,,-1676.7363766052,0.5185092912,0.4554654712,,-1682.15551767,0.4165931444,0.346864744
,,,,,-1677.0344283509,0.5067969271,0.4412188837,,-1684.1853252717,0.414752375,0.3387569395
,,,,,-1676.2941869985,0.4861714614,0.4205283042,,-1683.2425602565,0.3779979468,0.3062143619
,,,,,-1676.2843809456,0.4919604986,0.4331542114,,-1683.0979674672,0.38114705,0.3086076632
,,,,,-1676.1137408031,0.4976283239,0.4379545315,,-1682.8889496305,0.3868191965,0.3154129719
,,,,,-1676.2764042298,0.498585688,0.4399001446,,-1683.6251135014,0.3689139701,0.2945725781
,,,,,-1676.1626287675,0.4795151128,0.4196524102,,-1683.0188790537,0.3836116428,0.3110047933
,,,,,-1676.9233552248,0.4844956109,0.4167196897,,-1683.6657487221,0.3806734656,0.3046102158
,,,,,-1675.8294177832,0.4567714096,0.3934440609,,-1682.8364860752,0.389342919,0.3170825957
,,,,,-1678.2053429383,0.4492273304,0.3756478264,,-1683.87938047,0.3688615076,0.2925768955
,,,,,-1675.9291478498,0.4569323111,0.3943228842,,-1684.6600446943,0.3549291099,0.2766058195
,,,,,-1675.7712884577,0.4521897883,0.3862385213,,-1686.1668962745,0.3402158482,0.2679052173
,,,,,-1676.0497933132,0.4462707521,0.3778030192,,-1683.9190262011,0.3648081683,0.2889268218
,,,,,-1675.9507939647,0.4396535292,0.3751542491,,-1683.0820582792,0.3944450388,0.3202990411
,,,,,-1675.775245592,0.4466497352,0.3812405449,,-1685.0126774818,0.3881847262,0.3241267607
,,,,,-1676.097324442,0.4619850749,0.4006533511,,-1682.3898131588,0.407902593,0.3402794507
,,,,,-1675.9169261605,0.4673810444,0.4014383407,,-1683.4531211023,0.421887272,0.3477810781
,,,,,-1675.7537913296,0.4639074162,0.3993345831,,-1682.5890788693,0.4392338655,0.3775837972
,,,,,-1676.1361865389,0.4595883339,0.3917980548,,-1682.0348143595,0.4256149666,0.3596595258
,,,,,-1676.4248021973,0.4818351098,0.4230868748,,-1682.0772573627,0.4212654941,0.3546411226
,,,,,-1676.1054995864,0.4837311261,0.4186391162,,-1681.9306508151,0.4314170997,0.3658115473
,,,,,-1676.0395645118,0.5003298851,0.4392207184,,-1682.3514143987,0.441578485,0.3716006133
,,,,,-1676.8431043252,0.5033693731,0.4379261548,,-1682.0641308796,0.4477399213,0.3792561448
,,,,,-1676.2071301543,0.5007020847,0.4416365686,,-1682.1050171501,0.4324470774,0.3681590293
,,,,,-1676.2222085027,0.5086006709,0.4493360052,,-1682.5790689631,0.437432385,0.366473851
,,,,,-1676.1464397517,0.5048287747,0.4450755687,,-1682.0728069486,0.4411249571,0.3779271276
,,,,,-1676.3732516517,0.5204817217,0.4608952299,,-1681.7689319159,0.4433927294,0.3784158286
,,,,,-1677.3933327911,0.5434870423,0.4892157947,,-1681.805167936,0.4528314082,0.3895992632
,,,,,-1676.8820601609,0.5389882808,0.4790201821,,-1682.6009167719,0.4824484396,0.4152522174
,,,,,-1676.6588527032,0.5333184683,0.4739793778,,-1681.7763431052,0.4702897811,0.4052836783
,,,,,-1676.2530284546,0.5132985273,0.4536958299,,-1685.1165287715,0.4666098759,0.4122535156
,,,,,-1676.367363208,0.5109850744,0.4527403311,,-1681.9527723958,0.4563506852,0.3890029482
,,,,,-1677.3701827567,0.5063249299,0.43984187,,-1682.8585880724,0.4698147605,0.4007341143
,,,,,-1675.8986956187,0.4848671468,0.4234192337,,-1681.9374518531,0.4494448135,0.3866297062
,,,,,-1675.8602713103,0.4821582537,0.4202483706,,-1681.7438812004,0.4478753962,0.3815272898
,,,,,-1677.0084600339,0.475408746,0.4178215724,,-1682.1076219576,0.4378762779,0.3686167176
,,,,,-1678.1056288555,0.4759513818,0.4049167891,,-1682.0015686981,0.4234154766,0.3547763045
,,,,,-1675.8171397081,0.4782511323,0.415688968,,-1684.3155088122,0.4142229932,0.3379611494
,,,,,-1675.9429896315,0.4769469078,0.411948052,,-1682.4042008363,0.4048401367,0.3363646408
,,,,,-1675.8431351288,0.4822817809,0.4194367416,,-1682.8913962877,0.4078980679,0.3425296732
,,,,,-1676.0933554315,0.4837694244,0.4237731523,,-1682.5995617719,0.4168485339,0.3520605853
,,,,,-1676.4023931559,0.4787402042,0.4118641313,,-1681.9479933926,0.4252234027,0.3579858061
,,,,,-1675.8553341688,0.4551395572,0.3884778739,,-1682.1462871704,0.418970204,0.3491654475
,,,,,-1677.5773092475,0.4416407999,0.3821861104,,-1683.6272034453,0.4058585917,0.3304762757
,,,,,-1676.7155444898,0.4431038762,0.3720960078,,-1682.813684462,0.4142810482,0.3497663512
,,,,,-1675.820868154,0.4387194465,0.3723088379,,-1682.4468807665,0.4129187121,0.3467944866
,,,,,-1675.9556136182,0.4318826518,0.3633974777,,-1682.0652702371,0.4179854058,0.3496955644
,,,,,-1676.9093303674,0.4272493777,0.3646613471,,-1683.0449727648,0.4196469217,0.3565939546
,,,,,-1675.874889639,0.4388372581,0.3735713389,,-1683.5030904413,0.4149393126,0.3522570639
,,,,,-1676.0419757155,0.4352789173,0.3707067301,,-1684.2422502214,0.4080697879,0.3458185437
,,,,,-1676.2352337865,0.436912148,0.3734793002,,-1682.5329379901,0.4064956449,0.3394102773
,,,,,-1675.8155046793,0.4436442902,0.3784935153,,-1682.5622819039,0.4140346719,0.3420251879
,,,,,-1676.0208694594,0.4443854926,0.3759407827,,-1682.6993361294,0.4010784316,0.3284826352
,,,,,-1675.9050014566,0.4431365228,0.3753409123,,-1682.2315004304,0.4120385585,0.342024726
,,,,,-1675.8315780511,0.4515638107,0.3848416541,,-1682.4931732189,0.409028985,0.3373049697
,,,,,-1675.816470681,0.4621250209,0.3964125108,,-1683.9401525904,0.3821074786,0.3052057377
,,,,,-1675.8067879946,0.4752618495,0.412668788,,-1683.048326381,0.3824852964,0.3107485909
,,,,,-1676.0301111405,0.473948341,0.4131558024,,-1683.8799604571,0.3729557835,0.3031680211
,,,,,-1675.8435150485,0.48158423,0.41844713,,-1682.7017722529,0.3957485212,0.3235086102
,,,,,-1675.7777934308,0.4659572951,0.4011357819,,-1682.9833136276,0.4059498813,0.3322684239
,,,,,-1675.8559323424,0.4527591323,0.389239879,,-1682.0068088887,0.422087646,0.3536060671
,,,,,-1675.8552267075,0.4517236842,0.3880849159,,-1682.4852790753,0.4298791727,0.3667070993
,,,,,-1676.5761052941,0.4583634757,0.3889863693,,-1683.2505123756,0.4136366343,0.3501921281
,,,,,-1675.8421963717,0.4753992944,0.4133345128,,-1682.01581624,0.4305576273,0.3654473262
,,,,,-1676.2474855503,0.4804204556,0.420956118,,-1681.8735781617,0.4603120294,0.3937037495
,,,,,-1676.0815034603,0.4940223111,0.434152561,,-1681.7564974005,0.4527160475,0.3890570276
,,,,,-1676.1033966153,0.504782313,0.4439637407,,-1682.1051365265,0.4557539961,0.3943669864
,,,,,-1676.0620888788,0.5018944531,0.4410010134,,-1681.7016281247,0.4556415378,0.391671037
,,,,,-1677.0955399989,0.4913851146,0.4350188056,,-1682.2388888587,0.4489750003,0.3873657309
,,,,,-1676.0623062503,0.4948577802,0.4316824933,,-1681.6940613931,0.4515038621,0.386478175
,,,,,-1676.7819745739,0.4984490674,0.4325995388,,-1683.0886875064,0.4389184775,0.3784597735
,,,,,-1676.2299825628,0.5031720254,0.44022918,,-1681.7367049176,0.4441063752,0.3785331705
,,,,,-1675.8916275391,0.4876816313,0.4252931144,,-1681.7734744204,0.4393798688,0.3732631437
,,,,,-1677.8588508373,0.4781745049,0.407788339,,-1681.8158503292,0.4453225096,0.3781337529
,,,,,-1675.8474189256,0.4803738558,0.416844391,,-1684.9165719064,0.4315372875,0.3733884118
,,,,,-1676.257919132,0.4786904614,0.41916968,,-1682.0331234957,0.4364818381,0.3724423054
,,,,,-1676.2353674394,0.4852381743,0.4259632113,,-1681.8774928093,0.4378568001,0.3699604837
,,,,,-1678.3542196905,0.4880779469,0.4339058039,,-1682.2159242461,0.4230850329,0.3527971831
,,,,,-1679.5602018896,0.4961772177,0.4248259893,,-1683.2712856871,0.4315713502,0.3706275415
,,,,,-1676.525779889,0.4801621552,0.4130381407,,-1682.1116315886,0.4424703935,0.3734474979
,,,,,-1676.160486668,0.4793883479,0.413511517,,-1682.0445946085,0.4427010642,0.3795795993
,,,,,-1675.9399373974,0.4779742063,0.4168407563,,-1681.7154880035,0.4521660737,0.3863345082
,,,,,-1676.3026395663,0.5047646891,0.4416409464,,-1682.1075181097,0.4653393626,0.4048413801
,,,,,-1677.3655715571,0.508587725,0.4423735282,,-1681.881282066,0.457937956,0.3957398009
,,,,,-1676.5181166408,0.527635732,0.4684897971,,-1682.7933676189,0.4727116831,0.4148383598
,,,,,-1676.9000146975,0.5316856317,0.470081875,,-1682.1081696745,0.4823665436,0.416831277
,,,,,-1677.331187153,0.5211222955,0.4565024183,,-1681.8655951039,0.4629617774,0.4011420741
,,,,,-1676.0587882385,0.4975237067,0.434910241,,-1682.7808869266,0.4577928499,0.3878423018
,,,,,-1676.2458859425,0.48071642,0.4212617628,,-1681.7008711989,0.4699162312,0.4071638947
,,,,,-1675.8128682626,0.4680512298,0.4054094867,,-1683.6412215363,0.4609997358,0.4038778573
,,,,,-1676.0983431347,0.4722218584,0.4058282473,,-1681.7186848857,0.4579242388,0.3923405177
,,,,,-1676.044792441,0.4766644543,0.4160964781,,-1685.1021541765,0.4871927877,0.4156871829
,,,,,-1675.7949274072,0.4721083685,0.4079117735,,-1682.6578133444,0.4899374202,0.4233637255
,,,,,-1675.8186567241,0.4707075815,0.4082459946,,-1682.1748286382,0.489040774,0.4303411174
,,,,,-1676.5888162456,0.4656834288,0.3969331763,,-1683.9932099169,0.5137172863,0.4466561702
,,,,,-1675.7931842092,0.4711783113,0.4068571092,,-1682.0243157683,0.5027540258,0.4405547755
,,,,,-1675.8087086268,0.4767072272,0.4131642394,,-1681.8935288275,0.4948021233,0.4344665139
,,,,,-1676.6616943757,0.4681450827,0.3994237191,,-1683.1329624106,0.5143491247,0.4492543131
,,,,,-1676.3118869604,0.4561990266,0.3874553685,,-1682.2374387694,0.5078981819,0.4499486444
,,,,,-1675.7652500758,0.4602738834,0.3950145009,,-1682.0180581746,0.5077228115,0.4470874704
,,,,,-1675.7571739666,0.4617037571,0.3967544917,,-1683.5994190012,0.5064292201,0.4524288822
,,,,,-1676.0182881216,0.4756943274,0.4100846095,,-1682.8834705802,0.5111173943,0.4463180577
,,,,,-1677.8216576482,0.4636297811,0.3919657567,,-1682.0886766903,0.5058852773,0.4437414675
,,,,,-1675.8795887886,0.4557767152,0.3927408161,,-1682.617746591,0.514646444,0.4584208639
,,,,,-1675.748902348,0.4585692746,0.3942917622,,-1682.099840783,0.4972196287,0.4335897441
,,,,,-1676.0273180645,0.4706076271,0.4043824607,,-1682.5193981755,0.5075267383,0.4434523893
,,,,,-1675.8415923124,0.4708569214,0.4086403756,,-1682.1782454548,0.4972818849,0.4332612197
,,,,,-1675.8164030468,0.4560936961,0.3925818857,,-1681.9744105868,0.497326733,0.4345471543
,,,,,-1676.0985550312,0.4565699596,0.3947658623,,-1683.7647504251,0.5045497365,0.4507733345
,,,,,-1677.1032282178,0.4675979534,0.3977368617,,-1685.2294063743,0.4996801758,0.4479527603
,,,,,-1678.1443226761,0.4545139309,0.3814859767,,-1681.9661743815,0.4936562957,0.4303329887
,,,,,-1675.8006769501,0.4443671046,0.3777382664,,-1682.0150037386,0.5053258165,0.4438207702
,,,,,-1675.7872649905,0.4513020578,0.3850550051,,-1681.9549618401,0.502308896,0.442129442
,,,,,-1676.1070916713,0.461895468,0.3944369412,,-1681.8664902764,0.4943760217,0.4336728146
,,,,,-1675.9740707183,0.4613276491,0.3944515258,,-1681.9736520687,0.4881389897,0.4284255653
,,,,,-1675.9659544916,0.4543763282,0.3869416718,,-1682.101199192,0.4878777209,0.4230158728
,,,,,-1677.092856753,0.4731200313,0.4038033338,,-1681.9725456892,0.4849848072,0.4251528095
,,,,,-1676.4421085798,0.483591716,0.4171101682,,-1682.3602409895,0.4949125728,0.4298435991
,,,,,-1676.1526202002,0.4765819247,0.4104221178,,-1682.2485070368,0.4979150497,0.4336605612
,,,,,-1675.8169404335,0.4677447577,0.4026432079,,-1682.1108346193,0.5037805448,0.4410963639
,,,,,-1676.2359476396,0.4588920999,0.3978363761,,-1684.3455719514,0.5237079192,0.4570607049
,,,,,-1676.2579459975,0.4767939685,0.4102278558,,-1683.3572751924,0.5381701803,0.4754931607
,,,,,-1675.7942140739,0.4740340926,0.4102318505,,-1682.8080625593,0.5423697672,0.4827175807
,,,,,-1676.0355522666,0.4482430614,0.3853056374,,-1682.8383417555,0.5473722123,0.4889260136
,,,,,-1675.9326049575,0.4539344843,0.3866557708,,-1682.6053030189,0.5379589353,0.4806842609
,,,,,-1675.7555038098,0.4514411996,0.3859091838,,-1683.3762375151,0.5431174752,0.489613206
,,,,,-1676.1164892024,0.4543976043,0.3924623873,,-1682.9881123783,0.5417419767,0.4868275663
,,,,,-1675.870763745,0.451041203,0.3874453213,,-1682.9529629606,0.5479724739,0.4924818264
,,,,,-1675.812804964,0.4397619466,0.3733453461,,-1682.9528124969,0.5517560366,0.4956672925
,,,,,-1676.3964032917,0.4197273844,0.354404539,,-1683.5555395126,0.5692972657,0.5112640587
,,,,,-1676.3742114692,0.4141039603,0.3427956023,,-1683.3304394127,0.5658359144,0.508674911
,,,,,-1678.1412042648,0.425001144,0.3496271996,,-1683.0141215663,0.5555085582,0.4982759558
,,,,,-1676.3228033461,0.4269628392,0.3624904109,,-1683.0344249517,0.5473218949,0.4923738564
,,,,,-1676.9499440391,0.3921818864,0.3183737953,,-1684.2382349512,0.5475056365,0.4962248797
,,,,,-1676.8165436479,0.3888059939,0.3163992358,,-1683.542886509,0.546606736,0.4935996309
,,,,,-1676.8544175395,0.3875055677,0.316596426,,-1683.8943661911,0.5409739339,0.488814084
,,,,,-1677.8715410368,0.3906517054,0.3138527643,,-1683.0346442711,0.5371686763,0.4825426999
,,,,,-1677.7203633888,0.3973857306,0.3322461386,,-1684.5076745564,0.5468943701,0.48256318
,,,,,-1676.5049483797,0.4000779833,0.3308056876,,-1683.4487829018,0.5612434424,0.5075071612
,,,,,-1676.3256513842,0.4064357844,0.3360656239,,-1684.0486250225,0.5673922262,0.506918649
,,,,,-1678.1321852546,0.4046467263,0.3415102082,,-1683.5743493067,0.5522767805,0.4993281565
,,,,,-1676.4178496961,0.4081990051,0.3406818956,,-1682.7243803888,0.540911282,0.4844520473
,,,,,-1676.139342635,0.4147408875,0.3462601208,,-1684.1787222981,0.5701599299,0.5187628139
,,,,,-1676.4682490928,0.4164604177,0.344738424,,-1683.424457083,0.5691637632,0.5122625297
,,,,,-1676.5649952257,0.4085402336,0.3418872729,,-1683.7197844605,0.5726172284,0.5144119986
,,,,,-1676.6936940797,0.4045941758,0.3317456983,,-1684.7564694056,0.571065102,0.509243223
,,,,,-1676.2726695559,0.4079583905,0.3385292202,,-1683.1741345647,0.5531573019,0.4985730791
,,,,,-1676.5503718622,0.4185704591,0.3465905352,,-1683.1518698502,0.5576128142,0.5023945159
,,,,,-1676.0133235211,0.434791753,0.3659119621,,-1683.0611870627,0.5559658541,0.5001455996
,,,,,-1676.6320698185,0.4264622084,0.3629985528,,-1683.2106001999,0.5588250445,0.5004313241
,,,,,-1675.9474039845,0.4305529354,0.364420293,,-1683.1077027357,0.5572554237,0.4993150115
,,,,,-1677.495229399,0.4528012231,0.3943203155,,-1683.0878111998,0.5541800861,0.495458275
,,,,,-1675.8246516737,0.4719353511,0.4095845653,,-1683.9339550565,0.5698709579,0.5101896286
,,,,,-1675.988553722,0.4506219575,0.3827752511,,-1683.4069727548,0.5596622108,0.5058269411
,,,,,-1675.8574026769,0.4397633186,0.3744657312,,-1683.3247272133,0.5660047016,0.5106548659
,,,,,-1677.0252597004,0.4360723696,0.3748537109,,-1685.5836736768,0.5615582168,0.4969478594
,,,,,-1676.1363922923,0.4322778848,0.3677641585,,-1683.0416157566,0.5484056774,0.4934268232
,,,,,-1676.2827031991,0.4275526369,0.363001661,,-1683.7406575231,0.5472418606,0.4847235456
,,,,,-1675.8311502987,0.4502515977,0.3862348571,,-1683.9858752989,0.5498008539,0.4869906921
,,,,,-1677.6054755739,0.4463754251,0.3874672131,,-1682.4622557752,0.5260435398,0.465167617
,,,,,-1676.1278209196,0.4469959265,0.3782218359,,-1683.2084711867,0.5154939856,0.4503408045
,,,,,-1675.821935599,0.4421510455,0.3751787007,,-1682.085930363,0.512349648,0.4523676927
,,,,,-1675.8569254876,0.4395689639,0.3721195922,,-1682.2497809813,0.520084471,0.4615945236
,,,,,-1675.9724770987,0.4368174899,0.3720417699,,-1684.1851108823,0.4943748023,0.4249936889
,,,,,-1677.6047472297,0.4226231266,0.3480991735,,-1681.7953124563,0.4752858358,0.4138550883
,,,,,-1676.5058262818,0.4041796536,0.3362184584,,-1681.6900743164,0.4674776616,0.4044077934
,,,,,-1677.1075698745,0.379672982,0.3068612332,,-1681.8163471578,0.4453126767,0.3811754931
,,,,,-1678.7840618804,0.3804362135,0.3144916127,,-1683.2277960999,0.4366987608,0.3640761539
,,,,,-1679.0487902877,0.3645674796,0.295950385,,-1682.4614503699,0.4318480476,0.3609140003
,,,,,-1677.4360361227,0.3716833372,0.29763263,,-1682.512462803,0.4627610964,0.4033431188
,,,,,-1677.1455902814,0.3790266553,0.3057427585,,-1681.9557452673,0.4742448983,0.4137563435
,,,,,-1677.7986582382,0.3634870234,0.2894322399,,-1681.7135498068,0.4743865324,0.4106431532
,,,,,-1678.2033946814,0.3554532007,0.279604726,,-1681.6780484991,0.4573731049,0.3930217181
,,,,,-1678.2573321105,0.3604684438,0.2827940748,,-1681.9773925398,0.4630253068,0.4017839082
,,,,,-1678.0646874312,0.3582784172,0.2838099363,,-1681.7170059521,0.4585083288,0.3950997467
,,,,,-1679.8170737592,0.34504828,0.273356163,,-1681.7600625506,0.4843782379,0.4217958056
,,,,,-1680.2548167682,0.3258805797,0.2445980011,,-1682.0681627252,0.4892012652,0.4300302977
,,,,,-1680.4599369872,0.3244439754,0.2424355872,,-1682.3966065553,0.4649323319,0.4053712275
,,,,,-1679.9948833374,0.3278172474,0.2477377611,,-1681.8939756114,0.4589406263,0.3969103093
,,,,,-1680.3493167288,0.3243288436,0.242994899,,-1681.7782188922,0.4544753911,0.3880704336
,,,,,-1680.2786115164,0.3247232548,0.246806833,,-1681.8417444999,0.4800366137,0.4191750131
,,,,,-1681.016125401,0.3174359128,0.2344887959,,-1682.6941045269,0.4954558467,0.4293808291
,,,,,-1681.8826897616,0.3052509817,0.2222433072,,-1681.8866921608,0.4979466477,0.4367906261
,,,,,-1681.0094924151,0.3254379194,0.241374054,,-1682.0746196837,0.5111089802,0.4505323982
,,,,,-1680.3368948221,0.3320794241,0.2577857072,,-1682.0537544253,0.5035383841,0.4444407978
,,,,,-1679.1860727651,0.3395203751,0.2631890211,,-1684.6077829416,0.5090386763,0.4404058186
,,,,,-1679.4925535557,0.3423597413,0.2615715134,,-1681.9128912936,0.4951209508,0.4325110337
,,,,,-1679.5274618755,0.3466090759,0.2654538272,,-1682.0083323069,0.4938162592,0.4344453494
,,,,,-1680.1136159505,0.3431600826,0.2606144446,,-1681.8788012344,0.4968889735,0.4360040485
,,,,,-1679.7111119929,0.3410190906,0.2678412281,,-1681.9161070793,0.4952649669,0.4351667497
,,,,,-1678.3804902804,0.3532882141,0.2762790316,,-1682.1593859974,0.5109353177,0.4524049766
,,,,,-1678.9435514544,0.3453169131,0.2665231946,,-1682.2473663317,0.5192250189,0.4608385359
,,,,,-1678.5257355832,0.3513203518,0.2769824741,,-1683.3255010543,0.5309171829,0.4771654482
,,,,,-1678.5000102269,0.36656997,0.2970972865,,-1682.2621225585,0.5087227685,0.450904986
,,,,,-1678.7676069679,0.3454410753,0.2684662442,,-1682.1790844497,0.5099920127,0.4479339956
,,,,,-1678.3299999677,0.3545252223,0.277516685,,-1682.3081108585,0.5094644337,0.4518833255
,,,,,-1678.3113980996,0.3627810549,0.2847111033,,-1682.139781945,0.498834896,0.4402931884
,,,,,-1677.5771213975,0.3698109351,0.2974612978,,-1682.5480699258,0.4759806314,0.4177216485
,,,,,-1676.790861506,0.391451181,0.31870379,,-1682.2535686662,0.4880464145,0.4225708515
,,,,,-1676.6865832951,0.3921954803,0.3213432819,,-1683.6571949658,0.4851385871,0.4158132171
,,,,,-1678.6286816677,0.394223075,0.3160148888,,-1682.4796959083,0.4752455648,0.4076787789
,,,,,-1677.6502433363,0.3956382149,0.3300300138,,-1682.4739524628,0.4838193798,0.4171365117
,,,,,-1678.3013402556,0.3822347819,0.3041653426,,-1681.9448054641,0.4714485836,0.4107166838
,,,,,-1677.4422295656,0.4006790445,0.3253112203,,-1681.8858040702,0.4883261368,0.4280142049
,,,,,-1676.0082407071,0.4239593734,0.3568642532,,-1682.0281505298,0.4849829536,0.4201205761
,,,,,-1675.9295658862,0.4351731479,0.3697890658,,-1681.8072488153,0.4814688783,0.4203609825
,,,,,-1677.6471206805,0.419082773,0.3570609986,,-1681.6997029533,0.4750037936,0.4120252161
,,,,,-1676.2869309791,0.4163803957,0.3498936401,,-1681.7489491783,0.4784335631,0.4147720047
,,,,,-1676.4150006824,0.4070776034,0.339255236,,-1681.8981548527,0.4754326287,0.414709454
,,,,,-1677.0247407281,0.3920961964,0.3238424453,,-1681.9631395776,0.4726542818,0.4067344762
,,,,,-1676.2772151459,0.4099805488,0.3417938638,,-1682.8168243488,0.4770502217,0.4195598052
,,,,,-1676.7727619244,0.3935088652,0.3206436944,,-1683.0157957297,0.4682596686,0.4105381063
,,,,,-1677.0505610826,0.3979315648,0.3236522042,,-1681.864288865,0.4370288988,0.3692485228
,,,,,-1677.2798124747,0.3770731538,0.3028181203,,-1682.0609884419,0.4264213401,0.3570808725
,,,,,-1679.0551783082,0.3413737316,0.2651430954,,-1682.5543848821,0.4057870995,0.3386498492
,,,,,-1679.7484681882,0.3349517943,0.2596600564,,-1681.9107123751,0.4339085886,0.3657084082
,,,,,-1678.579161763,0.357104029,0.2784084808,,-1682.0850338462,0.4327706447,0.3634014409
,,,,,-1678.4287596573,0.3608046395,0.2824219278,,-1681.9975174916,0.4360122948,0.3672358993
,,,,,-1677.0652473175,0.3860917833,0.3120411209,,-1681.8573199003,0.432138863,0.3656874477
,,,,,-1676.9066110808,0.401434592,0.3347426955,,-1682.2858668008,0.4347113545,0.3715192769
,,,,,-1677.19190865,0.4152924495,0.3412454678,,-1681.9610249422,0.4439052404,0.3756840121
,,,,,-1676.1472831093,0.4230360098,0.3570197013,,-1683.3519886448,0.4548714558,0.3834081029
,,,,,-1677.9877140197,0.4416944531,0.3678686839,,-1682.0169070614,0.4405892579,0.3770535709
,,,,,-1676.0678635867,0.4190925191,0.3502278117,,-1681.9665352346,0.4581236061,0.3908503053
,,,,,-1676.0651907615,0.4430507732,0.3742971625,,-1681.6951799174,0.4677001361,0.4047439194
,,,,,-1676.2334293616,0.4278831139,0.3631643897,,-1682.0420439062,0.471358445,0.4049433288
,,,,,-1676.2324522095,0.4358545686,0.3659226905,,-1681.9386613722,0.493731878,0.4338672964
,,,,,-1676.3339614988,0.4510940762,0.3818520186,,-1682.2062323876,0.4760596418,0.4167393935
,,,,,-1676.2679123295,0.4136579601,0.3430270134,,-1681.7104206844,0.4653030685,0.4024283777
,,,,,-1676.5730394495,0.395958232,0.325297468,,-1681.6919706098,0.4722384516,0.408679801
,,,,,-1677.2164945218,0.4004684599,0.3345860483,,-1682.614659622,0.4814470954,0.4141109071
,,,,,-1676.4484511343,0.4274182408,0.3562025577,,-1683.7408974751,0.4629971508,0.3914845144
,,,,,-1676.101965589,0.4208542604,0.3540146107,,-1681.72602177,0.4567666329,0.3910179541
,,,,,-1676.3440046755,0.4125890141,0.3414698921,,-1681.8656243387,0.4557404722,0.3932285472
,,,,,-1676.6648233216,0.4065634325,0.3338473837,,-1681.6831304824,0.4613640261,0.3976990978
,,,,,-1676.9629308591,0.4053869562,0.3396257061,,-1683.0330210048,0.4619110593,0.3917218641
,,,,,-1676.1482655613,0.4143475408,0.3458830233,,-1681.7757772778,0.4404534451,0.3748997027
,,,,,-1676.1850880627,0.4237476308,0.3535593071,,-1681.9413275668,0.4537944517,0.3914872463
,,,,,-1676.3635875487,0.4206407372,0.355330515,,-1682.1824549557,0.4638817365,0.4035366568
,,,,,-1676.6743520696,0.3992877938,0.3266390558,,-1681.7074743092,0.4518025651,0.3861125408
,,,,,-1676.7153898153,0.3975457375,0.3291270078,,-1681.808339859,0.4418441771,0.3746467868
,,,,,-1677.0762092625,0.4085799647,0.3345168328,,-1681.7156110818,0.4521325103,0.3862980169
,,,,,-1676.6454477033,0.3938767831,0.3234582755,,-1681.9994427017,0.4584211563,0.396856881
,,,,,-1676.7173568773,0.3964441785,0.327734404,,-1682.324559364,0.4531707187,0.392289212
,,,,,-1676.4792887461,0.4059310216,0.3382461163,,-1682.6564343521,0.4769658784,0.409071531
,,,,,-1676.2201614237,0.4133772591,0.3456608648,,-1684.6389877387,0.4736303069,0.4015703152
,,,,,-1676.2991814076,0.4219027075,0.3510789517,,-1681.7224818504,0.4733673777,0.4093144144
,,,,,-1676.6165914535,0.4133170418,0.3409169586,,-1681.8841055409,0.4721930264,0.4066483551
,,,,,-1676.0483864462,0.4219728649,0.3529242439,,-1681.9680616878,0.4941912122,0.4345528924
,,,,,-1675.9908722113,0.4243209924,0.3570298024,,-1681.9767773055,0.4929588836,0.4294544799
,,,,,-1675.898923751,0.4444623244,0.3802652748,,-1682.4664374567,0.4882619456,0.4220770227
,,,,,-1676.3025585854,0.4535425144,0.3922213364,,-1681.8413332167,0.4889835121,0.4259957383
,,,,,-1675.7764862185,0.4594687148,0.3958188935,,-1682.2139062996,0.5099742771,0.4518665733
,,,,,-1675.9646300999,0.4463892229,0.3828628807,,-1682.281850152,0.5181846404,0.4569901029
,,,,,-1676.1016372982,0.4343771693,0.3699969323,,-1682.1386832092,0.5148968977,0.4556301502
,,,,,-1676.0510581809,0.4316330315,0.3665442423,,-1682.2989674316,0.500397443,0.4362522765
,,,,,-1678.2332987062,0.4235287731,0.3478871423,,-1681.9506261022,0.4805725981,0.4155893642
,,,,,-1676.3118503895,0.4112552911,0.3404061345,,-1682.1150945308,0.4899500733,0.4310297194
,,,,,-1676.0141050756,0.4358101421,0.3711513045,,-1683.0917661116,0.487960968,0.4318474245
,,,,,-1675.881773966,0.4323997972,0.3656002567,,-1681.9017870339,0.4976080496,0.4357292269
,,,,,-1675.7602940389,0.4500186579,0.3843333052,,-1681.7291701992,0.4694179743,0.4070429744
,,,,,-1675.809639074,0.4410986076,0.3752596026,,-1682.2427016791,0.461731474,0.4014048817
,,,,,-1675.7782099191,0.4456169729,0.3795564418,,-1681.779329566,0.4486193632,0.3846306535
,,,,,-1675.8733131516,0.4387144251,0.3734090776,,-1681.9724889604,0.4417811839,0.378177403
,,,,,-1676.016035715,0.4238872012,0.355084359,,-1681.8948985085,0.4439540442,0.3801954897
,,,,,-1676.1451579947,0.4248151265,0.3548788703,,-1681.7268737752,0.4572717447,0.3915465802
,,,,,-1675.8426791551,0.4365674588,0.3702159992,,-1681.7959098573,0.4610532267,0.395006881
,,,,,-1675.8223270688,0.4413832461,0.3759011092,,-1681.8302953716,0.452216387,0.3890910717
,,,,,-1675.989972965,0.4427582729,0.3743862771,,-1681.7200918607,0.4606892269,0.3952953245
,,,,,-1676.3724080719,0.4473812639,0.3856642176,,-1681.69337875,0.4685651291,0.404353527
,,,,,-1675.8626696681,0.4602200909,0.39393763,,-1681.7989639868,0.4785560545,0.4143582278
,,,,,-1676.1741109426,0.4640008377,0.4031468651,,-1682.9496884953,0.4831983612,0.4264519663
,,,,,-1675.8070597187,0.4739468239,0.4113870998,,-1681.6884247955,0.4639814243,0.400657864
,,,,,-1677.1132273835,0.4920374547,0.4245902864,,-1681.6881317783,0.4703853042,0.4073338409
,,,,,-1677.6376025656,0.4851359846,0.429523061,,-1681.8317311174,0.4743442325,0.4093689133
,,,,,-1676.2379420663,0.4745728704,0.4147256369,,-1681.7281996832,0.4799688567,0.4176159248
,,,,,-1676.6386739175,0.4741660368,0.4155667579,,-1682.2581426192,0.4978570651,0.4335537919
,,,,,-1676.0438384021,0.4866124768,0.4222569777,,-1682.2097674787,0.5180714424,0.4576199461
,,,,,-1679.5049771591,0.4861918098,0.4335529414,,-1682.1335929956,0.5150686988,0.4549566099
,,,,,-1675.923011719,0.4845141555,0.4233580917,,-1682.589001181,0.4987120782,0.4333204509
,,,,,-1678.4077836644,0.4701016498,0.4146888167,,-1682.5174651609,0.511660682,0.4550100354
,,,,,-1675.8256853345,0.4687098776,0.4062358316,,-1681.8447946653,0.4887317499,0.4256578011
,,,,,-1675.81566575,0.4731297569,0.4106963794,,-1681.8403473522,0.4933966759,0.4315684579
,,,,,-1676.3373494759,0.473512915,0.4139525002,,-1684.4279421019,0.4998009967,0.4468971554
,,,,,-1675.7740125802,0.4717314878,0.4083088886,,-1682.2921478084,0.5153650972,0.4576222336
,,,,,-1676.0532800429,0.472859488,0.4121180615,,-1682.303984219,0.4907578697,0.4326364434
,,,,,-1675.9209271862,0.4839603831,0.4201579297,,-1682.1131279104,0.4773210787,0.4177314798
,,,,,-1676.1393971745,0.4860527828,0.4210848768,,-1683.0104785807,0.4722285562,0.4148164241
,,,,,-1675.7545482502,0.463244317,0.3994416152,,-1682.1756267916,0.4871269714,0.4218529229
,,,,,-1676.5471074334,0.4881454083,0.4218288643,,-1682.1224094941,0.5041872406,0.4414946823
,,,,,-1676.6062014734,0.4880134324,0.4214961027,,-1686.7463857887,0.4888102492,0.4382128144
,,,,,-1676.6793066483,0.4955885352,0.4383314018,,-1681.7850637288,0.4851659973,0.4222022812
,,,,,-1677.8005809397,0.4933121415,0.4385190595,,-1682.1700610716,0.4858284937,0.4204273742
,,,,,-1676.8550079231,0.5050776896,0.4487113226,,-1681.8951767924,0.4906912865,0.4304690949
,,,,,-1677.2090868495,0.4944035976,0.4269827252,,-1682.6497880642,0.4825352761,0.4152125107
,,,,,-1675.9796525403,0.4948518292,0.4337881754,,-1681.7441686523,0.4811204835,0.4180615536
,,,,,-1676.0631360711,0.5000649978,0.439729237,,-1681.9426861187,0.4755996976,0.4100960082
,,,,,-1676.6272381955,0.5305238945,0.470526029,,-1681.8325232002,0.4833088928,0.4224700102
,,,,,-1676.4477887479,0.5218943069,0.4635012818,,-1681.7633541009,0.474087661,0.4123133354
,,,,,-1676.8123335559,0.5253581426,0.4691113495,,-1685.1674130787,0.4932145958,0.4409762229
,,,,,-1676.6601937969,0.5322925852,0.4745912386,,-1682.4555256077,0.5303586122,0.4706543595
,,,,,-1676.5797874038,0.5283469228,0.4681953342,,-1682.530986599,0.5349456109,0.4759083028
,,,,,-1676.2840414458,0.5144777291,0.4536441209,,-1682.3346699409,0.5247978016,0.4648242903
,,,,,-1678.8322481428,0.5254378859,0.4740415784,,-1682.898871548,0.5325246712,0.4774282788
,,,,,-1676.658699345,0.5326153123,0.472962798,,-1682.7793080634,0.5350707311,0.4740808779
,,,,,-1680.322151929,0.5543672133,0.4878653948,,-1682.4780502532,0.5250025498,0.4680662753
,,,,,-1677.0281238071,0.5369655646,0.4757043801,,-1685.1395894303,0.5430653027,0.4933275559
,,,,,-1677.2955916857,0.5388338137,0.4842876782,,-1682.8864662774,0.515568633,0.4602389593
,,,,,-1677.4613056555,0.5264611872,0.4621739022,,-1682.6134342939,0.5373452169,0.4803223121
,,,,,-1676.3486661807,0.5187340864,0.45850307,,-1682.7664437986,0.540541725,0.4807525697
,,,,,-1678.3744862693,0.5312141684,0.4792204806,,-1687.8048383865,0.5339156106,0.4872597151
,,,,,-1677.6011359443,0.5681664091,0.5109690294,,-1682.776773146,0.527228521,0.4716888792
,,,,,-1677.6121324327,0.5694549729,0.5136211591,,-1683.4814040176,0.538693389,0.4757303428
,,,,,-1679.1268464741,0.5759774756,0.5261407687,,-1682.2556433087,0.5132625905,0.4553457425
,,,,,-1678.7711369171,0.5952514667,0.5378258765,,-1682.8478703185,0.513940242,0.458450929
,,,,,-1680.7289311116,0.5600974964,0.5127404656,,-1683.3165148446,0.5226867481,0.4687178729
,,,,,-1679.6025553379,0.5687839972,0.5198631334,,-1682.1663904479,0.5032580069,0.4449101253
,,,,,-1677.7927213247,0.5749812671,0.5197523183,,-1682.0074680981,0.4992129483,0.4398440269
,,,,,-1678.8136827852,0.5837373139,0.5329605521,,-1681.949616313,0.4923662385,0.4289634363
,,,,,-1677.9230959672,0.5771671307,0.5200900853,,-1682.0837086133,0.4941293746,0.4351940059
,,,,,-1678.4482477852,0.5783252458,0.5266015992,,-1682.0462806553,0.4897738399,0.4305136465
,,,,,-1677.8553963762,0.5760724303,0.5213761309,,-1682.84525007,0.4820777326,0.4250093956
,,,,,-1677.9016901269,0.5753453302,0.5178312515,,-1681.8380719251,0.478217142,0.4172532689
,,,,,-1677.9017523237,0.5655496374,0.505772561,,-1682.57747384,0.4910720385,0.433849391
,,,,,-1678.7710471912,0.5732446339,0.5119738712,,-1683.6406836571,0.5013635674,0.4471768248
,,,,,-1678.0929228657,0.5746298734,0.5158288149,,-1682.3122267811,0.4991859292,0.4414307887
,,,,,-1677.4930414304,0.5579570512,0.4985537887,,-1681.9567477432,0.4577543448,0.3959281435
,,,,,-1677.2127802487,0.5553186357,0.4975162399,,-1681.6750623902,0.4640930399,0.3998406398
,,,,,-1677.1381114588,0.5396918219,0.4845123979,,-1681.9806716407,0.4572960828,0.3898892916
,,,,,-1676.6026537864,0.5211518153,0.4591774187,,-1681.6997591465,0.4529602859,0.3874498505
,,,,,-1676.3159233371,0.5153308649,0.4563392018,,-1681.8666619803,0.4555338909,0.3930063751
,,,,,-1676.2617096236,0.5099062154,0.4480487077,,-1681.9786411927,0.444548503,0.3762694634
,,,,,-1676.2265332284,0.5046569763,0.4420068908,,-1684.5096614303,0.4573111874,0.3840195306
,,,,,-1676.6218130583,0.5078596023,0.4437314653,,-1681.9676970389,0.4236670868,0.3559725416
,,,,,-1676.3672355481,0.509613731,0.4469318463,,-1682.0752623498,0.4237814832,0.3577413517
,,,,,-1676.2574693456,0.5089270402,0.4468892541,,-1681.8793547802,0.4403531794,0.375954891
,,,,,-1676.0814441502,0.4940836275,0.4342130666,,-1682.2107790886,0.4467825158,0.3848282518
,,,,,-1676.1565579189,0.5054205812,0.4435792121,,-1681.993967673,0.4412541816,0.3727191998
,,,,,-1676.3689328155,0.5035429686,0.4453647105,,-1682.4516131316,0.4470240533,0.3771100962
,,,,,-1676.9026055896,0.5055776154,0.4493667578,,-1681.6875170241,0.4675097005,0.4032905873
,,,,,-1677.7669264959,0.5173236965,0.4512000206,,-1682.0388428058,0.4465832323,0.3781359321
,,,,,-1676.1385079158,0.5067378277,0.4464470317,,-1681.8811344028,0.4369916354,0.3720376209
,,,,,-1677.1376350357,0.512213385,0.4470087594,,-1681.7097536393,0.4566947608,0.3911507239
,,,,,-1678.3068904969,0.5181245353,0.4655196647,,-1681.8552594772,0.4561765759,0.3936482389
,,,,,-1677.1848279844,0.545360868,0.4849322224,,-1681.8696903116,0.4654231602,0.3992895994
,,,,,-1676.8759071179,0.5395234137,0.4797506723,,-1682.6903175329,0.4624316179,0.4034514093
,,,,,-1677.2138251458,0.5452647169,0.4846713772,,-1682.0330529224,0.4427185488,0.3795453231
,,,,,-1677.2026205939,0.5519498644,0.4929623407,,-1681.8986634264,0.4341890969,0.3688573276
,,,,,-1677.3806448777,0.5601149895,0.5044723281,,-1681.7769261951,0.4488098353,0.3821094388
,,,,,-1677.7344953564,0.5503413053,0.49710134,,-1681.9370727849,0.4462859401,0.3830835403
,,,,,-1677.1976776498,0.5334068772,0.4785669704,,-1681.7754056609,0.4439166811,0.3771159707
,,,,,-1676.5507435712,0.5283801022,0.4700204906,,-1683.0927543497,0.4219965436,0.3487238973
,,,,,-1676.9441620449,0.5457547928,0.4882415802,,-1682.2798546525,0.4080339337,0.3391257005
,,,,,-1676.8703976813,0.5429352112,0.4849856537,,-1683.5164123642,0.4228224386,0.3486413623
,,,,,-1676.9797337192,0.5220278337,0.4664252298,,-1683.1929224232,0.39822737,0.3237174385
,,,,,-1676.9329579597,0.5434299313,0.4866384351,,-1682.039648078,0.423445055,0.3570209429
,,,,,-1676.863290331,0.5425970046,0.4847772466,,-1682.2598605384,0.4167938924,0.3462579681
,,,,,-1677.3349000453,0.5568641101,0.4982344523,,-1682.2448096782,0.4127676576,0.3425317102
,,,,,-1677.9387727623,0.5547468775,0.4930433835,,-1682.9726461736,0.3865561191,0.3163249251
,,,,,-1676.8856601828,0.54214756,0.485071221,,-1682.913371133,0.3964148636,0.3229315269
,,,,,-1676.7608299077,0.5378594116,0.480117594,,-1682.8528352962,0.3916137996,0.3223387494
,,,,,-1676.8232494055,0.5147735735,0.4508629917,,-1682.9200240968,0.3978363828,0.324299909
,,,,,-1676.2012003808,0.5055557676,0.4463092832,,-1682.9148863938,0.3995560759,0.3260276391
,,,,,-1676.8823432155,0.4996101687,0.4336061139,,-1682.4985018883,0.4068441613,0.335144577
,,,,,-1675.9804658052,0.4823198875,0.4177800635,,-1682.2534484567,0.4298427214,0.3658243408
,,,,,-1675.8228542236,0.467427199,0.402226946,,-1681.9476401954,0.4253248009,0.358139416
,,,,,-1675.7598322374,0.4603023716,0.3964449873,,-1681.8744123953,0.4301695303,0.363174797
,,,,,-1675.8589104177,0.4416643998,0.3742194678,,-1681.7955316203,0.4434123244,0.3787740662
,,,,,-1678.3619118727,0.4500093993,0.376238055,,-1681.7287883529,0.4484484866,0.38234277
,,,,,-1676.1439935975,0.4505400806,0.3819626962,,-1682.6684409267,0.4415181235,0.3705878772
,,,,,-1675.9213851319,0.4525467413,0.3894556716,,-1682.4038195884,0.4393612072,0.369066252
,,,,,-1675.9151826405,0.4475391554,0.3838457094,,-1682.3506721507,0.4372725053,0.3746492078
,,,,,-1675.9702270527,0.4664940777,0.4001415115,,-1681.9393049974,0.4494954835,0.3817236525
,,,,,-1675.78310537,0.4593705491,0.3958010028,,-1681.7917768096,0.4374448745,0.3711575555
,,,,,-1675.7639798991,0.4685207804,0.4044354268,,-1681.8346457608,0.4374048952,0.3720584113
,,,,,-1676.0832226022,0.4651286281,0.4039881093,,-1681.9176247472,0.4342707636,0.3691223035
,,,,,-1676.2004462159,0.4980142541,0.4389141431,,-1683.2541621175,0.3886239815,0.3205287586
,,,,,-1676.1678479395,0.4858455285,0.4262969156,,-1682.864585932,0.3877916524,0.315786082
,,,,,-1676.0876718622,0.4559046159,0.3939913118,,-1682.7286393063,0.3919609579,0.3203704784
,,,,,-1675.9539107531,0.4615956775,0.3948554572,,-1682.3782768657,0.4160156266,0.3448379483
,,,,,-1676.1055208375,0.4751654671,0.40905938,,-1682.6602088446,0.3981592435,0.3259633586
,,,,,-1676.0455676163,0.4607017781,0.3990318392,,-1683.4274030536,0.4123756834,0.3377774253
,,,,,-1675.7786278119,0.4494824847,0.3847109869,,-1682.677131175,0.3956725784,0.3236548998
,,,,,-1675.7861062777,0.457483513,0.3937809457,,-1682.7601639024,0.3913713557,0.3210802517
,,,,,-1676.1667805229,0.4811572095,0.4213962837,,-1684.3750310378,0.3993982694,0.336064306
,,,,,-1676.7241272415,0.496016199,0.4389118421,,-1681.9741668953,0.423259225,0.3554667278
,,,,,-1676.2426218105,0.4927363629,0.4281453755,,-1682.5533542326,0.438537024,0.3677264847
,,,,,-1675.8612320206,0.4840912618,0.4212655065,,-1682.077724529,0.4418586049,0.3729485987
,,,,,-1675.9922154731,0.4944381308,0.4336710671,,-1682.3507770056,0.4466788757,0.3770552766
,,,,,-1676.1210503854,0.4962221612,0.4328337432,,-1681.7481679462,0.4443179187,0.3791781846
,,,,,-1675.8262663782,0.478551385,0.415027673,,-1681.8204139381,0.4570507666,0.3905123954
,,,,,-1676.3682031684,0.4738976205,0.4144670376,,-1681.6833683931,0.456793987,0.3917831282
,,,,,-1679.0636346847,0.4663801122,0.4116134952,,-1682.6070619216,0.4680635186,0.3994610527
,,,,,-1677.1552068151,0.4664320967,0.3963477554,,-1681.7248314986,0.4524909292,0.3884399092
,,,,,-1675.9544310015,0.4468858656,0.3833591727,,-1681.6928374999,0.4552491884,0.3899398236
,,,,,-1677.0773974205,0.4545175587,0.3835488293,,-1681.6974098021,0.459853504,0.3963119352
,,,,,-1676.418693223,0.4646709826,0.3963352904,,-1682.2226598504,0.4322778316,0.3684950835
,,,,,-1675.8352358097,0.4609834192,0.3980789398,,-1683.3194466042,0.4472528261,0.3881896894
,,,,,-1676.4255986949,0.4676667377,0.3995929332,,-1681.8699022794,0.470659126,0.4050382693
,,,,,-1675.8961113539,0.4609936957,0.3985386818,,-1681.672671273,0.4600619763,0.3957799957
,,,,,-1676.3498123468,0.4573697811,0.396566346,,-1682.2587092569,0.4479989085,0.3787802415
,,,,,-1675.9127805404,0.4316793158,0.3637117568,,-1682.648474435,0.4482277712,0.3778462263
,,,,,-1675.8791679426,0.4442978809,0.3799242429,,-1684.0208277076,0.4726961985,0.4172243274
,,,,,-1676.1131688942,0.4605649424,0.3929587562,,-1681.728504593,0.4718390165,0.4074975039
